-- phpMyAdmin SQL Dump
-- version 5.2.0
-- https://www.phpmyadmin.net/
--
-- Host: 127.0.0.1
-- Generation Time: Jul 31, 2022 at 11:57 AM
-- Server version: 10.4.18-MariaDB
-- PHP Version: 8.1.7

SET SQL_MODE = "NO_AUTO_VALUE_ON_ZERO";
START TRANSACTION;
SET time_zone = "+00:00";


/*!40101 SET @OLD_CHARACTER_SET_CLIENT=@@CHARACTER_SET_CLIENT */;
/*!40101 SET @OLD_CHARACTER_SET_RESULTS=@@CHARACTER_SET_RESULTS */;
/*!40101 SET @OLD_COLLATION_CONNECTION=@@COLLATION_CONNECTION */;
/*!40101 SET NAMES utf8mb4 */;

--
-- Database: `shaurma`
--

-- --------------------------------------------------------

--
-- Table structure for table `cart`
--

CREATE TABLE `cart` (
  `id` int(11) NOT NULL,
  `user_id` int(11) DEFAULT NULL,
  `quantity` int(11) DEFAULT 1,
  `asin` varchar(255) DEFAULT NULL,
  `title` varchar(255) DEFAULT NULL,
  `amazon_price` float DEFAULT NULL,
  `image` varchar(255) DEFAULT NULL,
  `variations` mediumtext DEFAULT NULL,
  `created_at` timestamp NULL DEFAULT NULL,
  `updated_at` timestamp NULL DEFAULT NULL
) ENGINE=InnoDB DEFAULT CHARSET=utf8mb4;

-- --------------------------------------------------------

--
-- Table structure for table `data_rows`
--

CREATE TABLE `data_rows` (
  `id` int(10) UNSIGNED NOT NULL,
  `data_type_id` int(10) UNSIGNED NOT NULL,
  `field` varchar(255) COLLATE utf8mb4_unicode_ci NOT NULL,
  `type` varchar(255) COLLATE utf8mb4_unicode_ci NOT NULL,
  `display_name` varchar(255) COLLATE utf8mb4_unicode_ci NOT NULL,
  `required` tinyint(1) NOT NULL DEFAULT 0,
  `browse` tinyint(1) NOT NULL DEFAULT 1,
  `read` tinyint(1) NOT NULL DEFAULT 1,
  `edit` tinyint(1) NOT NULL DEFAULT 1,
  `add` tinyint(1) NOT NULL DEFAULT 1,
  `delete` tinyint(1) NOT NULL DEFAULT 1,
  `details` text COLLATE utf8mb4_unicode_ci DEFAULT NULL,
  `order` int(11) NOT NULL DEFAULT 1
) ENGINE=InnoDB DEFAULT CHARSET=utf8mb4 COLLATE=utf8mb4_unicode_ci;

--
-- Dumping data for table `data_rows`
--

INSERT INTO `data_rows` (`id`, `data_type_id`, `field`, `type`, `display_name`, `required`, `browse`, `read`, `edit`, `add`, `delete`, `details`, `order`) VALUES
(1, 1, 'id', 'number', 'ID', 1, 0, 0, 0, 0, 0, NULL, 1),
(2, 1, 'name', 'text', 'Name', 1, 1, 1, 1, 1, 1, NULL, 2),
(3, 1, 'email', 'text', 'Email', 1, 1, 1, 1, 1, 1, NULL, 3),
(4, 1, 'password', 'password', 'Password', 1, 0, 0, 1, 1, 0, NULL, 4),
(5, 1, 'remember_token', 'text', 'Remember Token', 0, 0, 0, 0, 0, 0, NULL, 5),
(6, 1, 'created_at', 'timestamp', 'Created At', 0, 1, 1, 0, 0, 0, NULL, 6),
(7, 1, 'updated_at', 'timestamp', 'Updated At', 0, 0, 0, 0, 0, 0, NULL, 7),
(8, 1, 'avatar', 'image', 'Avatar', 0, 1, 1, 1, 1, 1, NULL, 8),
(9, 1, 'user_belongsto_role_relationship', 'relationship', 'Role', 0, 1, 1, 1, 1, 0, '{\"model\":\"TCG\\\\Voyager\\\\Models\\\\Role\",\"table\":\"roles\",\"type\":\"belongsTo\",\"column\":\"role_id\",\"key\":\"id\",\"label\":\"display_name\",\"pivot_table\":\"roles\",\"pivot\":0}', 10),
(10, 1, 'user_belongstomany_role_relationship', 'relationship', 'Roles', 0, 1, 1, 1, 1, 0, '{\"model\":\"TCG\\\\Voyager\\\\Models\\\\Role\",\"table\":\"roles\",\"type\":\"belongsToMany\",\"column\":\"id\",\"key\":\"id\",\"label\":\"display_name\",\"pivot_table\":\"user_roles\",\"pivot\":\"1\",\"taggable\":\"0\"}', 11),
(11, 1, 'settings', 'hidden', 'Settings', 0, 0, 0, 0, 0, 0, NULL, 12),
(12, 2, 'id', 'number', 'ID', 1, 0, 0, 0, 0, 0, NULL, 1),
(13, 2, 'name', 'text', 'Name', 1, 1, 1, 1, 1, 1, NULL, 2),
(14, 2, 'created_at', 'timestamp', 'Created At', 0, 0, 0, 0, 0, 0, NULL, 3),
(15, 2, 'updated_at', 'timestamp', 'Updated At', 0, 0, 0, 0, 0, 0, NULL, 4),
(16, 3, 'id', 'number', 'ID', 1, 0, 0, 0, 0, 0, NULL, 1),
(17, 3, 'name', 'text', 'Name', 1, 1, 1, 1, 1, 1, NULL, 2),
(18, 3, 'created_at', 'timestamp', 'Created At', 0, 0, 0, 0, 0, 0, NULL, 3),
(19, 3, 'updated_at', 'timestamp', 'Updated At', 0, 0, 0, 0, 0, 0, NULL, 4),
(20, 3, 'display_name', 'text', 'Display Name', 1, 1, 1, 1, 1, 1, NULL, 5),
(21, 1, 'role_id', 'text', 'Role', 1, 1, 1, 1, 1, 1, NULL, 9),
(22, 4, 'id', 'text', 'Id', 1, 0, 0, 0, 0, 0, '{}', 1),
(23, 4, 'category_name', 'text', 'კატეგორიის სახელი', 0, 1, 1, 1, 1, 1, '{}', 2),
(24, 4, 'category_image', 'image', 'კატეგორიის სურათი', 0, 1, 1, 1, 1, 1, '{}', 3),
(25, 4, 'created_at', 'timestamp', 'Created At', 0, 1, 1, 1, 0, 1, '{}', 4),
(26, 4, 'updated_at', 'timestamp', 'Updated At', 0, 0, 0, 0, 0, 0, '{}', 5),
(34, 9, 'id', 'text', 'Id', 1, 0, 0, 0, 0, 0, '{}', 1),
(35, 9, 'product_category', 'number', 'კატეგორია', 0, 1, 1, 1, 1, 1, '{}', 2),
(36, 9, 'product_name', 'text', 'პროდუქტის დასახელება', 0, 1, 1, 1, 1, 1, '{}', 3),
(37, 9, 'product_price', 'number', 'პროდუქტის ფასი', 0, 1, 1, 1, 1, 1, '{}', 4),
(38, 9, 'product_image', 'image', 'სურათი', 0, 1, 1, 1, 1, 1, '{}', 5),
(39, 9, 'product_quantity', 'number', 'საწყისი რაოდენობა', 0, 1, 1, 1, 1, 1, '{}', 6),
(40, 9, 'created_at', 'timestamp', 'შექმნილია', 0, 1, 1, 1, 0, 1, '{}', 7),
(41, 9, 'updated_at', 'timestamp', 'განახლებულია', 0, 0, 0, 0, 0, 0, '{}', 8),
(43, 9, 'sub_product_belongsto_product_category_relationship', 'relationship', 'პროდუქტის კატეგორია', 0, 1, 1, 1, 1, 1, '{\"model\":\"App\\\\ProductCategory\",\"table\":\"product_categories\",\"type\":\"belongsTo\",\"column\":\"product_category\",\"key\":\"id\",\"label\":\"category_name\",\"pivot_table\":\"data_rows\",\"pivot\":\"0\",\"taggable\":\"0\"}', 9),
(44, 10, 'id', 'text', 'Id', 1, 0, 0, 0, 0, 0, '{}', 1),
(45, 10, 'product_name', 'text', 'პროდუქტის დასახელება', 0, 1, 1, 1, 1, 1, '{}', 2),
(46, 10, 'created_at', 'timestamp', 'შექმნილია', 0, 1, 1, 1, 0, 1, '{}', 3),
(47, 10, 'updated_at', 'timestamp', 'განახლებულია', 0, 0, 0, 0, 0, 0, '{}', 4),
(48, 12, 'id', 'text', 'Id', 1, 0, 0, 0, 0, 0, '{}', 1),
(49, 12, 'product_id', 'number', 'Product Id', 0, 1, 1, 1, 1, 1, '{}', 2),
(50, 12, 'quantity', 'number', 'რაოდენობა', 0, 1, 1, 1, 1, 1, '{}', 3),
(51, 12, 'kg_price', 'number', 'ფასი კგ -ზე', 0, 1, 1, 1, 1, 1, '{}', 4),
(52, 12, 'created_at', 'timestamp', 'შექმნილია', 0, 1, 1, 1, 0, 1, '{}', 5),
(53, 12, 'updated_at', 'timestamp', 'განახლებულია', 0, 0, 0, 0, 0, 0, '{}', 6),
(54, 12, 'migebuli_product_belongsto_sawyobis_product_relationship', 'relationship', 'პროდუქტის დასახელება', 0, 1, 1, 1, 1, 1, '{\"model\":\"App\\\\SawyobisProduct\",\"table\":\"sawyobis_products\",\"type\":\"belongsTo\",\"column\":\"product_id\",\"key\":\"id\",\"label\":\"product_name\",\"pivot_table\":\"data_rows\",\"pivot\":\"0\",\"taggable\":\"0\"}', 7);

-- --------------------------------------------------------

--
-- Table structure for table `data_types`
--

CREATE TABLE `data_types` (
  `id` int(10) UNSIGNED NOT NULL,
  `name` varchar(255) COLLATE utf8mb4_unicode_ci NOT NULL,
  `slug` varchar(255) COLLATE utf8mb4_unicode_ci NOT NULL,
  `display_name_singular` varchar(255) COLLATE utf8mb4_unicode_ci NOT NULL,
  `display_name_plural` varchar(255) COLLATE utf8mb4_unicode_ci NOT NULL,
  `icon` varchar(255) COLLATE utf8mb4_unicode_ci DEFAULT NULL,
  `model_name` varchar(255) COLLATE utf8mb4_unicode_ci DEFAULT NULL,
  `policy_name` varchar(255) COLLATE utf8mb4_unicode_ci DEFAULT NULL,
  `controller` varchar(255) COLLATE utf8mb4_unicode_ci DEFAULT NULL,
  `description` varchar(255) COLLATE utf8mb4_unicode_ci DEFAULT NULL,
  `generate_permissions` tinyint(1) NOT NULL DEFAULT 0,
  `server_side` tinyint(4) NOT NULL DEFAULT 0,
  `details` text COLLATE utf8mb4_unicode_ci DEFAULT NULL,
  `created_at` timestamp NULL DEFAULT NULL,
  `updated_at` timestamp NULL DEFAULT NULL
) ENGINE=InnoDB DEFAULT CHARSET=utf8mb4 COLLATE=utf8mb4_unicode_ci;

--
-- Dumping data for table `data_types`
--

INSERT INTO `data_types` (`id`, `name`, `slug`, `display_name_singular`, `display_name_plural`, `icon`, `model_name`, `policy_name`, `controller`, `description`, `generate_permissions`, `server_side`, `details`, `created_at`, `updated_at`) VALUES
(1, 'users', 'users', 'User', 'Users', 'voyager-person', 'TCG\\Voyager\\Models\\User', 'TCG\\Voyager\\Policies\\UserPolicy', 'TCG\\Voyager\\Http\\Controllers\\VoyagerUserController', '', 1, 0, NULL, '2021-04-18 14:25:54', '2021-04-18 14:25:54'),
(2, 'menus', 'menus', 'Menu', 'Menus', 'voyager-list', 'TCG\\Voyager\\Models\\Menu', NULL, '', '', 1, 0, NULL, '2021-04-18 14:25:54', '2021-04-18 14:25:54'),
(3, 'roles', 'roles', 'Role', 'Roles', 'voyager-lock', 'TCG\\Voyager\\Models\\Role', NULL, 'TCG\\Voyager\\Http\\Controllers\\VoyagerRoleController', '', 1, 0, NULL, '2021-04-18 14:25:54', '2021-04-18 14:25:54'),
(4, 'product_categories', 'product-categories', 'პროდუქტის კატეგორიები', 'პროდუქტის კატეგორიები', 'voyager-categories', 'App\\ProductCategory', NULL, NULL, NULL, 1, 0, '{\"order_column\":null,\"order_display_column\":null,\"order_direction\":\"asc\",\"default_search_key\":null,\"scope\":null}', '2021-04-18 14:33:41', '2021-04-18 14:34:13'),
(9, 'sub_products', 'sub-products', 'სუბ პროდუქტი', 'სუბ პროდუქტები', NULL, 'App\\SubProduct', NULL, NULL, NULL, 1, 0, '{\"order_column\":null,\"order_display_column\":null,\"order_direction\":\"asc\",\"default_search_key\":null,\"scope\":null}', '2021-04-18 14:51:43', '2021-04-18 15:02:08'),
(10, 'sawyobis_products', 'sawyobis-products', 'საწყობის პროდუქტი', 'საწყობის პროდუქტები', NULL, 'App\\SawyobisProduct', NULL, 'VoControllers\\SawyobisProductController', NULL, 1, 0, '{\"order_column\":null,\"order_display_column\":null,\"order_direction\":\"asc\",\"default_search_key\":null,\"scope\":null}', '2021-04-18 15:03:54', '2021-04-18 15:31:12'),
(12, 'migebuli_products', 'migebuli-products', 'პროდუქტის მიღება', 'პროდუქტის მიღება', NULL, 'App\\MigebuliProduct', NULL, NULL, NULL, 1, 0, '{\"order_column\":null,\"order_display_column\":null,\"order_direction\":\"asc\",\"default_search_key\":null,\"scope\":null}', '2021-04-18 15:09:43', '2021-04-18 15:12:31'),
(1, 'users', 'users', 'User', 'Users', 'voyager-person', 'TCG\\Voyager\\Models\\User', 'TCG\\Voyager\\Policies\\UserPolicy', 'TCG\\Voyager\\Http\\Controllers\\VoyagerUserController', '', 1, 0, NULL, '2021-04-18 14:25:54', '2021-04-18 14:25:54'),
(2, 'menus', 'menus', 'Menu', 'Menus', 'voyager-list', 'TCG\\Voyager\\Models\\Menu', NULL, '', '', 1, 0, NULL, '2021-04-18 14:25:54', '2021-04-18 14:25:54'),
(3, 'roles', 'roles', 'Role', 'Roles', 'voyager-lock', 'TCG\\Voyager\\Models\\Role', NULL, 'TCG\\Voyager\\Http\\Controllers\\VoyagerRoleController', '', 1, 0, NULL, '2021-04-18 14:25:54', '2021-04-18 14:25:54'),
(4, 'product_categories', 'product-categories', 'პროდუქტის კატეგორიები', 'პროდუქტის კატეგორიები', 'voyager-categories', 'App\\ProductCategory', NULL, NULL, NULL, 1, 0, '{\"order_column\":null,\"order_display_column\":null,\"order_direction\":\"asc\",\"default_search_key\":null,\"scope\":null}', '2021-04-18 14:33:41', '2021-04-18 14:34:13'),
(9, 'sub_products', 'sub-products', 'სუბ პროდუქტი', 'სუბ პროდუქტები', NULL, 'App\\SubProduct', NULL, NULL, NULL, 1, 0, '{\"order_column\":null,\"order_display_column\":null,\"order_direction\":\"asc\",\"default_search_key\":null,\"scope\":null}', '2021-04-18 14:51:43', '2021-04-18 15:02:08'),
(10, 'sawyobis_products', 'sawyobis-products', 'საწყობის პროდუქტი', 'საწყობის პროდუქტები', NULL, 'App\\SawyobisProduct', NULL, 'VoControllers\\SawyobisProductController', NULL, 1, 0, '{\"order_column\":null,\"order_display_column\":null,\"order_direction\":\"asc\",\"default_search_key\":null,\"scope\":null}', '2021-04-18 15:03:54', '2021-04-18 15:31:12'),
(12, 'migebuli_products', 'migebuli-products', 'პროდუქტის მიღება', 'პროდუქტის მიღება', NULL, 'App\\MigebuliProduct', NULL, NULL, NULL, 1, 0, '{\"order_column\":null,\"order_display_column\":null,\"order_direction\":\"asc\",\"default_search_key\":null,\"scope\":null}', '2021-04-18 15:09:43', '2021-04-18 15:12:31');

-- --------------------------------------------------------

--
-- Table structure for table `failed_jobs`
--

CREATE TABLE `failed_jobs` (
  `id` bigint(20) UNSIGNED NOT NULL,
  `uuid` varchar(255) COLLATE utf8mb4_unicode_ci NOT NULL,
  `connection` text COLLATE utf8mb4_unicode_ci NOT NULL,
  `queue` text COLLATE utf8mb4_unicode_ci NOT NULL,
  `payload` longtext COLLATE utf8mb4_unicode_ci NOT NULL,
  `exception` longtext COLLATE utf8mb4_unicode_ci NOT NULL,
  `failed_at` timestamp NOT NULL DEFAULT current_timestamp()
) ENGINE=InnoDB DEFAULT CHARSET=utf8mb4 COLLATE=utf8mb4_unicode_ci;

-- --------------------------------------------------------

--
-- Table structure for table `menus`
--

CREATE TABLE `menus` (
  `id` int(10) UNSIGNED NOT NULL,
  `name` varchar(255) COLLATE utf8mb4_unicode_ci NOT NULL,
  `created_at` timestamp NULL DEFAULT NULL,
  `updated_at` timestamp NULL DEFAULT NULL
) ENGINE=InnoDB DEFAULT CHARSET=utf8mb4 COLLATE=utf8mb4_unicode_ci;

--
-- Dumping data for table `menus`
--

INSERT INTO `menus` (`id`, `name`, `created_at`, `updated_at`) VALUES
(1, 'admin', '2021-04-18 14:25:54', '2021-04-18 14:25:54'),
(1, 'admin', '2021-04-18 14:25:54', '2021-04-18 14:25:54');

-- --------------------------------------------------------

--
-- Table structure for table `menu_items`
--

CREATE TABLE `menu_items` (
  `id` int(10) UNSIGNED NOT NULL,
  `menu_id` int(10) UNSIGNED DEFAULT NULL,
  `title` varchar(255) COLLATE utf8mb4_unicode_ci NOT NULL,
  `url` varchar(255) COLLATE utf8mb4_unicode_ci NOT NULL,
  `target` varchar(255) COLLATE utf8mb4_unicode_ci NOT NULL DEFAULT '_self',
  `icon_class` varchar(255) COLLATE utf8mb4_unicode_ci DEFAULT NULL,
  `color` varchar(255) COLLATE utf8mb4_unicode_ci DEFAULT NULL,
  `parent_id` int(11) DEFAULT NULL,
  `order` int(11) NOT NULL,
  `created_at` timestamp NULL DEFAULT NULL,
  `updated_at` timestamp NULL DEFAULT NULL,
  `route` varchar(255) COLLATE utf8mb4_unicode_ci DEFAULT NULL,
  `parameters` text COLLATE utf8mb4_unicode_ci DEFAULT NULL
) ENGINE=InnoDB DEFAULT CHARSET=utf8mb4 COLLATE=utf8mb4_unicode_ci;

--
-- Dumping data for table `menu_items`
--

INSERT INTO `menu_items` (`id`, `menu_id`, `title`, `url`, `target`, `icon_class`, `color`, `parent_id`, `order`, `created_at`, `updated_at`, `route`, `parameters`) VALUES
(1, 1, 'Dashboard', '', '_self', 'voyager-boat', NULL, NULL, 1, '2021-04-18 14:25:54', '2021-04-18 14:25:54', 'voyager.dashboard', NULL),
(2, 1, 'Media', '', '_self', 'voyager-images', NULL, NULL, 5, '2021-04-18 14:25:54', '2021-04-18 14:25:54', 'voyager.media.index', NULL),
(3, 1, 'Users', '', '_self', 'voyager-person', NULL, NULL, 3, '2021-04-18 14:25:54', '2021-04-18 14:25:54', 'voyager.users.index', NULL),
(4, 1, 'Roles', '', '_self', 'voyager-lock', NULL, NULL, 2, '2021-04-18 14:25:54', '2021-04-18 14:25:54', 'voyager.roles.index', NULL),
(5, 1, 'Tools', '', '_self', 'voyager-tools', NULL, NULL, 9, '2021-04-18 14:25:54', '2021-04-18 14:25:54', NULL, NULL),
(6, 1, 'Menu Builder', '', '_self', 'voyager-list', NULL, 5, 10, '2021-04-18 14:25:54', '2021-04-18 14:25:54', 'voyager.menus.index', NULL),
(7, 1, 'Database', '', '_self', 'voyager-data', NULL, 5, 11, '2021-04-18 14:25:54', '2021-04-18 14:25:54', 'voyager.database.index', NULL),
(8, 1, 'Compass', '', '_self', 'voyager-compass', NULL, 5, 12, '2021-04-18 14:25:54', '2021-04-18 14:25:54', 'voyager.compass.index', NULL),
(9, 1, 'BREAD', '', '_self', 'voyager-bread', NULL, 5, 13, '2021-04-18 14:25:54', '2021-04-18 14:25:54', 'voyager.bread.index', NULL),
(10, 1, 'Settings', '', '_self', 'voyager-settings', NULL, NULL, 14, '2021-04-18 14:25:54', '2021-04-18 14:25:54', 'voyager.settings.index', NULL),
(11, 1, 'Hooks', '', '_self', 'voyager-hook', NULL, 5, 13, '2021-04-18 14:25:54', '2021-04-18 14:25:54', 'voyager.hooks', NULL),
(12, 1, 'პროდუქტის კატეგორიები', '', '_self', 'voyager-categories', NULL, NULL, 15, '2021-04-18 14:33:41', '2021-04-18 14:33:41', 'voyager.product-categories.index', NULL),
(18, 1, 'პროდუქტები', '', '_self', NULL, NULL, NULL, 16, '2021-04-18 14:51:43', '2021-04-18 14:51:43', 'voyager.sub-products.index', NULL),
(19, 1, 'საწყობის პროდუქტები', '', '_self', NULL, NULL, NULL, 17, '2021-04-18 15:03:54', '2021-04-18 15:03:54', 'voyager.sawyobis-products.index', NULL),
(21, 1, 'პროდუქტის მიღება', '', '_self', NULL, NULL, NULL, 18, '2021-04-18 15:09:43', '2021-04-18 15:09:43', 'voyager.migebuli-products.index', NULL);

-- --------------------------------------------------------

--
-- Table structure for table `migeba`
--

CREATE TABLE `migeba` (
  `id` int(11) NOT NULL,
  `product_id` int(11) DEFAULT 0,
  `is_ingredienti` int(11) DEFAULT NULL,
  `erteuli` int(11) DEFAULT NULL,
  `erteuli_var` varchar(255) NOT NULL,
  `quantity` float DEFAULT NULL,
  `erteulis_fasi` float DEFAULT NULL,
  `total` float DEFAULT NULL,
  `created_at` timestamp NULL DEFAULT NULL,
  `updated_at` timestamp NULL DEFAULT NULL
) ENGINE=InnoDB DEFAULT CHARSET=utf8mb4;

--
-- Dumping data for table `migeba`
--

INSERT INTO `migeba` (`id`, `product_id`, `is_ingredienti`, `erteuli`, `erteuli_var`, `quantity`, `erteulis_fasi`, `total`, `created_at`, `updated_at`) VALUES
(10, 2, 1, 1, 'კგ', 20, 0.85, 17, '2021-05-09 05:58:46', '2021-05-09 05:58:46'),
(11, 14, 1, 1, 'კგ', 22, 3.35, 73.7, '2021-05-10 05:22:23', '2021-05-10 05:22:23'),
(12, 12, 1, 1, 'კგ', 19, 2.5, 47.5, '2021-05-10 05:23:30', '2021-05-10 05:23:30'),
(13, 13, 1, 1, 'კგ', 2, 59.6, 119.2, '2021-05-10 05:25:34', '2021-05-10 05:25:34'),
(14, 5, 1, 0, 'ცალი', 200, 0.35, 70, '2021-05-11 05:31:05', '2021-05-11 05:31:05'),
(15, 11, 1, 0, 'ცალი', 160, 1.73, 276.8, '2021-05-11 15:54:38', '2021-05-11 15:54:38'),
(16, 7, 1, 0, 'ცალი', 40, 0.35, 14, '2021-05-11 16:08:17', '2021-05-11 16:08:17'),
(17, 16, 1, 1, 'კგ', 2.5, 3.4, 8.5, '2021-05-12 19:12:10', '2021-05-12 19:12:10'),
(18, 31, 1, 0, 'ცალი', 12, 0.4, 4.8, '2021-05-12 20:09:36', '2021-05-12 20:09:36'),
(19, 27, 1, 0, 'ცალი', 6, 2.5, 15, '2021-05-12 20:10:37', '2021-05-12 20:10:37'),
(20, 23, 0, 0, 'ცალი', 125, 1.28, 160, '2021-05-12 20:11:44', '2021-05-12 20:11:44'),
(21, 28, 1, 0, 'ცალი', 26, 1.28, 33.28, '2021-05-12 20:12:38', '2021-05-12 20:12:38'),
(22, 32, 1, 0, 'ცალი', 13, 1.43, 18.59, '2021-05-12 20:13:23', '2021-05-12 20:13:23'),
(23, 28, 1, 0, 'ცალი', 12, 1.28, 15.36, '2021-05-14 08:32:13', '2021-05-14 08:32:13'),
(24, 23, 0, 0, 'ცალი', 12, 1.28, 15.36, '2021-05-14 08:35:06', '2021-05-14 08:35:06'),
(25, 56, 1, 0, 'ცალი', 12, 1.14, 13.68, '2021-05-14 08:35:51', '2021-05-14 08:35:51'),
(26, 33, 1, 0, 'ცალი', 12, 1.59, 19.08, '2021-05-14 08:36:35', '2021-05-14 08:36:35'),
(27, 36, 1, 0, 'ცალი', 12, 1.25, 15, '2021-05-14 08:37:18', '2021-05-14 08:37:18'),
(28, 23, 0, 0, 'ცალი', 36, 1.28, 46.08, '2021-05-14 08:38:02', '2021-05-14 08:38:02'),
(29, 22, 1, 0, 'ცალი', 36, 1.25, 45, '2021-05-14 08:38:36', '2021-05-14 08:38:36'),
(30, 9, 1, 1, 'კგ', 3.96, 10.9, 43.164, '2021-05-15 20:06:51', '2021-05-15 20:06:51'),
(31, 58, 1, 0, 'ცალი', 6, 1.35, 8.1, '2021-05-17 15:18:09', '2021-05-17 15:18:09'),
(32, 6, 1, 0, 'ცალი', 30, 0.4, 12, '2021-05-17 17:57:47', '2021-05-17 17:57:47'),
(33, 4, 1, 0, 'ცალი', 200, 0.32, 64, '2021-05-17 17:58:47', '2021-05-17 17:58:47'),
(34, 31, 1, 0, 'ცალი', 36, 0.4, 14.4, '2021-05-17 18:02:29', '2021-05-17 18:02:29'),
(35, 22, 1, 0, 'ცალი', 12, 1.25, 15, '2021-05-17 18:03:05', '2021-05-17 18:03:05'),
(36, 33, 1, 0, 'ცალი', 24, 1.59, 38.16, '2021-05-17 18:03:38', '2021-05-17 18:03:38'),
(37, 0, 1, 0, 'ცალი', 60, 1.28, 76.8, '2021-05-17 18:04:29', '2021-05-17 18:04:29'),
(38, 23, 0, 0, 'ცალი', 60, 1.28, 76.8, '2021-05-17 18:04:38', '2021-05-17 18:04:38'),
(39, 32, 1, 0, 'ცალი', 12, 1.43, 17.16, '2021-05-17 18:05:08', '2021-05-17 18:05:08'),
(40, 46, 1, 0, 'ცალი', 10, 1.5, 15, '2021-05-17 18:08:31', '2021-05-17 18:08:31'),
(41, 53, 1, 0, 'ცალი', 10, 1.3, 13, '2021-05-17 18:09:32', '2021-05-17 18:09:32'),
(42, 48, 1, 0, 'ცალი', 10, 1.3, 13, '2021-05-17 18:10:11', '2021-05-17 18:10:11'),
(43, 64, 1, 0, 'ცალი', 10, 1.5, 15, '2021-05-17 18:13:11', '2021-05-17 18:13:11'),
(44, 63, 1, 0, 'ცალი', 10, 1.5, 15, '2021-05-17 18:13:33', '2021-05-17 18:13:33'),
(45, 62, 1, 0, 'ცალი', 10, 1.5, 15, '2021-05-17 18:13:57', '2021-05-17 18:13:57'),
(46, 29, 1, 0, 'ცალი', 12, 1.28, 15.36, '2021-05-17 18:51:52', '2021-05-17 18:51:52'),
(47, 8, 1, 0, 'ცალი', 24, 0.78, 18.72, '2021-05-19 09:04:31', '2021-05-19 09:04:31'),
(48, 23, 0, 0, 'ცალი', 12, 1.28, 15.36, '2021-05-19 09:10:40', '2021-05-19 09:10:40'),
(49, 27, 1, 0, 'ცალი', 6, 2.5, 15, '2021-05-19 09:11:01', '2021-05-19 09:11:01'),
(50, 38, 1, 0, 'ცალი', 96, 1.28, 122.88, '2021-05-19 09:11:47', '2021-05-19 09:11:47'),
(51, 56, 1, 0, 'ცალი', 24, 1.14, 27.36, '2021-05-19 09:12:17', '2021-05-19 09:12:17'),
(52, 44, 1, 0, 'ცალი', 5, 2.15, 10.75, '2021-05-19 15:46:26', '2021-05-19 15:46:26'),
(53, 40, 1, 0, 'ცალი', 5, 2.48, 12.4, '2021-05-19 15:46:55', '2021-05-19 15:46:55'),
(54, 42, 1, 0, 'ცალი', 5, 2.5, 12.5, '2021-05-19 15:47:18', '2021-05-19 15:47:18'),
(55, 43, 1, 0, 'ცალი', 5, 2.7, 13.5, '2021-05-19 15:47:39', '2021-05-19 15:47:39'),
(56, 2, 1, 1, 'კგ', 20, 0.95, 19, '2021-05-19 15:54:09', '2021-05-19 15:54:09'),
(57, 12, 1, 1, 'კგ', 20, 2.5, 50, '2021-05-19 15:55:57', '2021-05-19 15:55:57'),
(58, 14, 1, 0, 'ცალი', 12, 2.6, 31.2, '2021-05-19 15:57:06', '2021-05-19 15:57:06'),
(59, 4, 1, 0, 'ცალი', 270, 0.32, 86.4, '2021-05-20 17:53:04', '2021-05-20 17:53:04'),
(60, 32, 1, 0, 'ცალი', 24, 1.43, 34.32, '2021-05-21 17:20:38', '2021-05-21 17:20:38'),
(61, 28, 1, 0, 'ცალი', 24, 1.28, 30.72, '2021-05-21 17:21:27', '2021-05-21 17:21:27'),
(62, 29, 1, 0, 'ცალი', 12, 1.28, 15.36, '2021-05-21 17:22:10', '2021-05-21 17:22:10'),
(63, 33, 1, 0, 'ცალი', 36, 1.59, 57.24, '2021-05-21 17:22:51', '2021-05-21 17:22:51'),
(64, 23, 0, 0, 'ცალი', 84, 1.28, 107.52, '2021-05-21 17:24:45', '2021-05-21 17:24:45'),
(65, 56, 1, 0, 'ცალი', 24, 1.14, 27.36, '2021-05-21 17:25:48', '2021-05-21 17:25:48'),
(66, 65, 1, 0, 'ცალი', 6, 1.34, 8.04, '2021-05-21 17:29:03', '2021-05-21 17:29:03'),
(67, 8, 1, 0, 'ცალი', 64, 0.6, 38.4, '2021-05-24 05:49:47', '2021-05-24 05:49:47'),
(68, 12, 1, 1, 'კგ', 10, 2.5, 25, '2021-05-24 05:50:20', '2021-05-24 05:50:20'),
(69, 4, 1, 0, 'ცალი', 400, 0.32, 128, '2021-05-24 07:26:28', '2021-05-24 07:26:28'),
(70, 5, 1, 0, 'ცალი', 100, 0.34, 34, '2021-05-24 07:26:59', '2021-05-24 07:26:59'),
(71, 3, 1, 1, 'კგ', 38.27, 13, 497.51, '2021-05-24 09:00:44', '2021-05-24 09:00:44'),
(72, 42, 1, 0, 'ცალი', 5, 2.5, 12.5, '2021-05-24 09:01:35', '2021-05-24 09:01:35'),
(73, 38, 1, 0, 'ცალი', 12, 0.85, 10.2, '2021-05-24 09:02:07', '2021-05-24 09:02:07'),
(74, 39, 1, 0, 'ცალი', 6, 1.84, 11.04, '2021-05-24 09:02:32', '2021-05-24 09:02:32'),
(75, 43, 1, 0, 'ცალი', 5, 2.7, 13.5, '2021-05-24 09:02:52', '2021-05-24 09:02:52'),
(76, 56, 1, 0, 'ცალი', 24, 1.142, 27.408, '2021-05-24 09:06:01', '2021-05-24 09:06:01'),
(77, 23, 0, 0, 'ცალი', 60, 1.275, 76.5, '2021-05-24 09:06:28', '2021-05-24 09:06:28'),
(78, 28, 1, 0, 'ცალი', 24, 1.275, 30.6, '2021-05-24 09:06:49', '2021-05-24 09:06:49'),
(79, 31, 1, 0, 'ცალი', 36, 0.4, 14.4, '2021-05-24 09:07:11', '2021-05-24 09:07:11'),
(80, 0, 1, 0, 'ცალი', 24, 1.433, 34.392, '2021-05-24 09:07:50', '2021-05-24 09:07:50'),
(81, 0, 1, 0, 'ცალი', 24, 1.433, 34.392, '2021-05-24 09:10:10', '2021-05-24 09:10:10'),
(82, 32, 1, 0, 'ცალი', 24, 1.433, 34.392, '2021-05-24 09:10:19', '2021-05-24 09:10:19'),
(83, 33, 1, 0, 'ცალი', 12, 1.591, 19.092, '2021-05-24 09:10:45', '2021-05-24 09:10:45'),
(84, 12, 1, 1, 'კგ', 10, 2.5, 25, '2021-05-25 08:47:42', '2021-05-25 08:47:42'),
(85, 14, 1, 0, 'ცალი', 13.4, 2, 26.8, '2021-05-25 08:48:56', '2021-05-25 08:48:56'),
(86, 16, 1, 1, 'კგ', 2.5, 3.4, 8.5, '2021-05-25 08:49:37', '2021-05-25 08:49:37'),
(87, 9, 1, 0, 'ცალი', 7, 9.15, 64.05, '2021-05-25 08:51:34', '2021-05-25 08:51:34'),
(88, 3, 1, 1, 'კგ', 35.02, 13, 455.26, '2021-05-25 14:14:51', '2021-05-25 14:14:51'),
(89, 28, 1, 0, 'ცალი', 24, 1.275, 30.6, '2021-05-26 09:40:13', '2021-05-26 09:40:13'),
(90, 27, 1, 0, 'ცალი', 6, 2.5, 15, '2021-05-26 09:40:36', '2021-05-26 09:40:36'),
(91, 23, 0, 0, 'ცალი', 48, 1.275, 61.2, '2021-05-26 09:41:33', '2021-05-26 09:41:33'),
(92, 11, 1, 0, 'ცალი', 160, 1.73, 276.8, '2021-05-26 09:43:42', '2021-05-26 09:43:42'),
(93, 3, 1, 1, 'კგ', 36.58, 13, 475.54, '2021-05-26 10:13:56', '2021-05-26 10:13:56'),
(94, 66, 1, 0, 'ცალი', 16, 1.9, 30.4, '2021-05-26 14:23:12', '2021-05-26 14:23:12'),
(95, 9, 1, 0, 'ცალი', 28, 0.39, 10.92, '2021-05-26 14:28:33', '2021-05-26 14:28:33'),
(96, 12, 1, 1, 'კგ', 10, 2.5, 25, '2021-05-27 10:51:25', '2021-05-27 10:51:25'),
(97, 2, 1, 1, 'კგ', 51.5, 0.9, 46.35, '2021-05-27 10:53:16', '2021-05-27 10:53:16'),
(98, 3, 1, 1, 'კგ', 34, 13, 442, '2021-05-27 14:01:20', '2021-05-27 14:01:20'),
(99, 15, 1, 1, 'კგ', 2.5, 3.35, 8.375, '2021-05-27 16:46:25', '2021-05-27 16:46:25'),
(100, 42, 0, 0, 'ცალი', 10, 2, 20, '2021-05-28 06:49:10', '2021-05-28 06:49:10'),
(101, 44, 0, 0, 'ცალი', 5, 2.15, 10.75, '2021-05-28 10:48:15', '2021-05-28 10:48:15'),
(102, 40, 0, 0, 'ცალი', 5, 2.48, 12.4, '2021-05-28 10:48:42', '2021-05-28 10:48:42'),
(103, 43, 0, 0, 'ცალი', 5, 2.7, 13.5, '2021-05-28 10:49:12', '2021-05-28 10:49:12'),
(104, 31, 0, 0, 'ცალი', 36, 0.4, 14.4, '2021-05-28 10:49:41', '2021-05-28 10:49:41'),
(105, 22, 0, 0, 'ცალი', 12, 1.25, 15, '2021-05-28 10:50:16', '2021-05-28 10:50:16'),
(106, 27, 0, 0, 'ცალი', 6, 2.5, 15, '2021-05-28 10:50:37', '2021-05-28 10:50:37'),
(107, 23, 0, 0, 'ცალი', 72, 1.28, 92.16, '2021-05-28 10:51:09', '2021-05-28 10:51:09'),
(108, 3, 1, 1, 'კგ', 35.06, 13, 455.78, '2021-05-28 10:53:34', '2021-05-28 10:53:34'),
(109, 13, 1, 1, 'კგ', 2.3, 12.18, 28.014, '2021-05-29 17:53:18', '2021-05-29 17:53:18'),
(110, 6, 1, 0, 'ცალი', 20, 0.4, 8, '2021-05-29 17:56:55', '2021-05-29 17:56:55'),
(111, 5, 1, 0, 'ცალი', 50, 0.34, 17, '2021-05-29 17:57:54', '2021-05-29 17:57:54'),
(112, 4, 1, 0, 'ცალი', 150, 0.32, 48, '2021-05-29 17:58:12', '2021-05-29 17:58:12'),
(113, 14, 1, 1, 'კგ', 13.4, 1.3, 17.42, '2021-05-30 09:02:58', '2021-05-30 09:02:58'),
(114, 12, 1, 1, 'კგ', 6.7, 2.5, 16.75, '2021-05-30 09:03:25', '2021-05-30 09:03:25'),
(115, 3, 1, 1, 'კგ', 37.14, 13, 482.82, '2021-05-30 09:04:11', '2021-05-30 09:04:11'),
(116, 8, 1, 0, 'ცალი', 8, 0.625, 5, '2021-05-30 17:50:54', '2021-05-30 17:50:54'),
(117, 12, 1, 1, 'კგ', 10, 2.5, 25, '2021-05-31 06:28:43', '2021-05-31 06:28:43'),
(118, 22, 0, 0, 'ცალი', 12, 1.25, 15, '2021-05-31 07:45:40', '2021-05-31 07:45:40'),
(119, 33, 0, 0, 'ცალი', 24, 1.59, 38.16, '2021-05-31 07:46:12', '2021-05-31 07:46:12'),
(120, 56, 0, 0, 'ცალი', 24, 1.14, 27.36, '2021-05-31 07:54:34', '2021-05-31 07:54:34'),
(121, 23, 0, 0, 'ცალი', 72, 1.28, 92.16, '2021-05-31 07:54:52', '2021-05-31 07:54:52'),
(122, 29, 0, 0, 'ცალი', 12, 1.28, 15.36, '2021-05-31 07:55:16', '2021-05-31 07:55:16'),
(123, 28, 0, 0, 'ცალი', 12, 1.28, 15.36, '2021-05-31 07:55:34', '2021-05-31 07:55:34'),
(124, 28, 0, 0, 'ცალი', 12, 1.28, 15.36, '2021-05-31 07:55:53', '2021-05-31 07:55:53'),
(125, 32, 0, 0, 'ცალი', 12, 1.43, 17.16, '2021-05-31 07:56:15', '2021-05-31 07:56:15'),
(126, 5, 1, 0, 'ცალი', 50, 0.34, 17, '2021-05-31 08:58:30', '2021-05-31 08:58:30'),
(127, 4, 1, 0, 'ცალი', 200, 0.32, 64, '2021-05-31 08:58:46', '2021-05-31 08:58:46'),
(128, 8, 1, 0, 'ცალი', 40, 0.63, 25.2, '2021-05-31 09:01:06', '2021-05-31 09:01:06'),
(129, 9, 1, 0, 'ცალი', 21, 1.972, 41.412, '2021-05-31 18:19:17', '2021-05-31 18:19:17'),
(130, 12, 1, 1, 'კგ', 20, 2.5, 50, '2021-06-01 08:37:13', '2021-06-01 08:37:13'),
(131, 3, 1, 1, 'კგ', 38.39, 13, 499.07, '2021-06-01 08:39:36', '2021-06-01 08:39:36'),
(132, 13, 1, 1, 'კგ', 2.3, 12.18, 28.014, '2021-06-01 08:48:23', '2021-06-01 08:48:23'),
(133, 3, 1, 1, 'კგ', 36.36, 13, 472.68, '2021-06-02 08:35:02', '2021-06-02 08:35:02'),
(134, 14, 1, 1, 'კგ', 12.5, 1.13, 14.125, '2021-06-02 08:37:13', '2021-06-02 08:37:13'),
(135, 56, 0, 0, 'ცალი', 12, 1.14, 13.68, '2021-06-02 08:39:50', '2021-06-02 08:39:50'),
(136, 22, 0, 0, 'ცალი', 24, 1.25, 30, '2021-06-02 08:40:18', '2021-06-02 08:40:18'),
(137, 23, 0, 0, 'ცალი', 72, 1.28, 92.16, '2021-06-02 08:40:42', '2021-06-02 08:40:42'),
(138, 27, 0, 0, 'ცალი', 6, 2.5, 15, '2021-06-02 08:41:01', '2021-06-02 08:41:01'),
(139, 28, 0, 0, 'ცალი', 12, 1.28, 15.36, '2021-06-02 08:42:23', '2021-06-02 08:42:23'),
(140, 31, 0, 0, 'ცალი', 24, 0.4, 9.6, '2021-06-02 08:42:43', '2021-06-02 08:42:43'),
(141, 12, 1, 0, 'ცალი', 10, 2, 20, '2021-06-03 07:59:49', '2021-06-03 07:59:49'),
(142, 3, 1, 1, 'კგ', 50.91, 13, 661.83, '2021-06-03 08:07:47', '2021-06-03 08:07:47'),
(143, 13, 1, 1, 'კგ', 12, 9.935, 119.22, '2021-06-03 08:13:55', '2021-06-03 08:13:55'),
(144, 6, 1, 0, 'ცალი', 30, 0.4, 12, '2021-06-03 08:45:45', '2021-06-03 08:45:45'),
(145, 5, 1, 0, 'ცალი', 100, 0.34, 34, '2021-06-03 08:46:14', '2021-06-03 08:46:14'),
(146, 4, 1, 0, 'ცალი', 400, 0.32, 128, '2021-06-03 08:46:41', '2021-06-03 08:46:41'),
(147, 24, 1, 0, 'ცალი', 3, 6.7, 20.1, '2021-06-03 18:30:16', '2021-06-03 18:30:16'),
(148, 33, 0, 0, 'ცალი', 24, 1.591, 38.184, '2021-06-04 08:51:01', '2021-06-04 08:51:01'),
(149, 29, 0, 0, 'ცალი', 12, 1.275, 15.3, '2021-06-04 08:51:19', '2021-06-04 08:51:19'),
(150, 28, 0, 0, 'ცალი', 24, 1.275, 30.6, '2021-06-04 08:51:54', '2021-06-04 08:51:54'),
(151, 23, 0, 0, 'ცალი', 60, 1.275, 76.5, '2021-06-04 08:52:12', '2021-06-04 08:52:12'),
(153, 3, 1, 1, 'კგ', 35.53, 13, 461.89, '2021-06-04 10:26:21', '2021-06-04 10:26:21'),
(154, 12, 1, 1, 'კგ', 10, 2.5, 25, '2021-06-04 10:26:39', '2021-06-04 10:26:39'),
(155, 12, 1, 1, 'კგ', 10, 2.5, 25, '2021-06-05 08:07:11', '2021-06-05 08:07:11'),
(156, 14, 1, 1, 'კგ', 15, 1.3, 19.5, '2021-06-05 08:07:59', '2021-06-05 08:07:59'),
(157, 3, 1, 1, 'კგ', 34.11, 13, 443.43, '2021-06-05 08:11:27', '2021-06-05 08:11:27'),
(158, 12, 1, 1, 'კგ', 20, 2.5, 50, '2021-06-06 13:02:30', '2021-06-06 13:02:30'),
(159, 33, 0, 0, 'ცალი', 12, 1.591, 19.092, '2021-06-07 09:31:12', '2021-06-07 09:31:12'),
(160, 31, 0, 0, 'ცალი', 12, 0.4, 4.8, '2021-06-07 09:31:37', '2021-06-07 09:31:37'),
(161, 28, 0, 0, 'ცალი', 12, 1.28, 15.36, '2021-06-07 09:32:08', '2021-06-07 09:32:08'),
(162, 56, 0, 0, 'ცალი', 36, 1.14, 41.04, '2021-06-07 09:32:56', '2021-06-07 09:32:56'),
(163, 27, 0, 0, 'ცალი', 6, 2.5, 15, '2021-06-07 09:33:19', '2021-06-07 09:33:19'),
(164, 23, 0, 0, 'ცალი', 60, 1.28, 76.8, '2021-06-07 09:34:15', '2021-06-07 09:34:15'),
(165, 22, 0, 0, 'ცალი', 24, 1.25, 30, '2021-06-07 09:34:55', '2021-06-07 09:34:55'),
(166, 3, 1, 0, 'ცალი', 33.59, 13, 436.67, '2021-06-07 09:36:19', '2021-06-07 09:36:19'),
(167, 12, 1, 1, 'კგ', 10, 2.5, 25, '2021-06-08 08:43:07', '2021-06-08 08:43:07'),
(168, 14, 1, 1, 'კგ', 16, 1.4, 22.4, '2021-06-08 08:45:24', '2021-06-08 08:45:24'),
(169, 4, 1, 0, 'ცალი', 400, 0.32, 128, '2021-06-08 08:46:27', '2021-06-08 08:46:27'),
(170, 5, 1, 0, 'ცალი', 100, 0.34, 34, '2021-06-08 08:47:38', '2021-06-08 08:47:38'),
(171, 6, 1, 0, 'ცალი', 30, 0.4, 12, '2021-06-08 08:48:17', '2021-06-08 08:48:17'),
(172, 10, 1, 0, 'ცალი', 10, 62, 620, '2021-06-08 10:00:00', '2021-06-08 10:00:00'),
(173, 11, 1, 0, 'ცალი', 40, 1.73, 69.2, '2021-06-08 18:43:28', '2021-06-08 18:43:28'),
(174, 66, 0, 0, 'ცალი', 16, 1.9, 30.4, '2021-06-08 18:47:10', '2021-06-08 18:47:10'),
(175, 9, 1, 0, 'ცალი', 21, 2.013, 42.273, '2021-06-08 19:00:49', '2021-06-08 19:00:49'),
(176, 44, 0, 0, 'ცალი', 5, 2.15, 10.75, '2021-06-09 09:10:28', '2021-06-09 09:10:28'),
(177, 40, 0, 0, 'ცალი', 5, 2.48, 12.4, '2021-06-09 09:14:55', '2021-06-09 09:14:55'),
(178, 43, 0, 0, 'ცალი', 5, 2.7, 13.5, '2021-06-09 09:15:37', '2021-06-09 09:15:37'),
(179, 41, 0, 0, 'ცალი', 5, 2.75, 13.75, '2021-06-09 09:16:06', '2021-06-09 09:16:06'),
(180, 39, 0, 0, 'ცალი', 6, 1.84, 11.04, '2021-06-09 09:16:33', '2021-06-09 09:16:33'),
(181, 38, 0, 0, 'ცალი', 12, 0.85, 10.2, '2021-06-09 09:17:01', '2021-06-09 09:17:01'),
(182, 11, 1, 0, 'ცალი', 120, 1.73, 207.6, '2021-06-09 09:19:42', '2021-06-09 09:19:42'),
(183, 23, 0, 0, 'ცალი', 60, 1.28, 76.8, '2021-06-09 09:58:14', '2021-06-09 09:58:14'),
(184, 28, 0, 0, 'ცალი', 12, 1.28, 15.36, '2021-06-09 09:58:40', '2021-06-09 09:58:40'),
(185, 32, 0, 0, 'ცალი', 12, 1.43, 17.16, '2021-06-09 09:59:14', '2021-06-09 09:59:14'),
(186, 32, 0, 0, 'ცალი', 12, 1.43, 17.16, '2021-06-09 09:59:33', '2021-06-09 09:59:33'),
(187, 3, 1, 1, 'კგ', 33.2, 13, 431.6, '2021-06-09 10:01:42', '2021-06-09 10:01:42'),
(188, 8, 1, 0, 'ცალი', 128, 0.6125, 78.4, '2021-06-09 18:10:14', '2021-06-09 18:10:14'),
(190, 12, 1, 1, 'კგ', 10, 2.5, 25, '2021-06-10 06:41:25', '2021-06-10 06:41:25'),
(191, 3, 1, 0, 'ცალი', 53.76, 13, 698.88, '2021-06-10 06:41:46', '2021-06-10 06:41:46'),
(192, 16, 1, 1, 'კგ', 5, 3.8, 19, '2021-06-10 08:07:32', '2021-06-10 08:07:32'),
(193, 2, 1, 1, 'კგ', 52, 0.95, 49.4, '2021-06-10 17:54:29', '2021-06-10 17:54:29'),
(194, 24, 1, 0, 'ცალი', 1, 8.9, 8.9, '2021-06-10 18:09:20', '2021-06-10 18:09:20'),
(195, 33, 0, 0, 'ცალი', 24, 1.59, 38.16, '2021-06-11 08:42:02', '2021-06-11 08:42:02'),
(196, 56, 0, 0, 'ცალი', 24, 1.142, 27.408, '2021-06-11 08:43:07', '2021-06-11 08:43:07'),
(197, 28, 0, 0, 'ცალი', 12, 1.28, 15.36, '2021-06-11 08:43:40', '2021-06-11 08:43:40'),
(198, 27, 0, 0, 'ცალი', 6, 2.5, 15, '2021-06-11 08:44:04', '2021-06-11 08:44:04'),
(199, 23, 0, 0, 'ცალი', 48, 1.28, 61.44, '2021-06-11 08:44:41', '2021-06-11 08:44:41'),
(200, 3, 1, 1, 'კგ', 34.36, 13, 446.68, '2021-06-11 08:45:22', '2021-06-11 08:45:22'),
(201, 12, 1, 1, 'კგ', 10, 2.5, 25, '2021-06-11 17:28:45', '2021-06-11 17:28:45'),
(202, 43, 0, 0, 'ცალი', 20, 2.3, 46, '2021-06-11 17:29:36', '2021-06-11 17:29:36'),
(203, 44, 0, 0, 'ცალი', 10, 1.9, 19, '2021-06-11 17:29:53', '2021-06-11 17:29:53'),
(204, 39, 0, 0, 'ცალი', 10, 1.5, 15, '2021-06-11 17:30:11', '2021-06-11 17:30:11'),
(205, 3, 1, 1, 'კგ', 52.28, 13, 679.64, '2021-06-12 15:41:54', '2021-06-12 15:41:54'),
(206, 12, 1, 0, 'ცალი', 10, 2.5, 25, '2021-06-12 15:42:21', '2021-06-12 15:42:21'),
(207, 67, 0, 0, 'ცალი', 6, 17, 102, '2021-06-12 15:49:37', '2021-06-12 15:49:37'),
(208, 3, 1, 1, 'კგ', 35.02, 13, 455.26, '2021-06-13 09:21:37', '2021-06-13 09:21:37'),
(209, 12, 1, 1, 'კგ', 10, 2.5, 25, '2021-06-13 09:22:26', '2021-06-13 09:22:26'),
(210, 14, 1, 1, 'კგ', 15, 1.4, 21, '2021-06-13 09:23:20', '2021-06-13 09:23:20'),
(211, 6, 1, 0, 'ცალი', 10, 0.4, 4, '2021-06-13 15:13:42', '2021-06-13 15:13:42'),
(212, 5, 1, 0, 'ცალი', 50, 0.34, 17, '2021-06-13 15:13:58', '2021-06-13 15:13:58'),
(213, 4, 1, 0, 'ცალი', 160, 0.32, 51.2, '2021-06-13 15:14:13', '2021-06-13 15:14:13'),
(214, 12, 1, 0, 'ცალი', 10, 3, 30, '2021-06-14 09:00:10', '2021-06-14 09:00:10'),
(215, 16, 1, 1, 'კგ', 12.5, 3.8, 47.5, '2021-06-14 09:04:06', '2021-06-14 09:04:06'),
(216, 33, 0, 0, 'ცალი', 12, 1.59, 19.08, '2021-06-14 09:05:18', '2021-06-14 09:05:18'),
(217, 32, 0, 0, 'ცალი', 36, 1.43, 51.48, '2021-06-14 09:06:07', '2021-06-14 09:06:07'),
(218, 31, 0, 0, 'ცალი', 36, 0.4, 14.4, '2021-06-14 09:06:29', '2021-06-14 09:06:29'),
(219, 29, 0, 0, 'ცალი', 12, 1.28, 15.36, '2021-06-14 09:07:20', '2021-06-14 09:07:20'),
(220, 28, 0, 0, 'ცალი', 12, 1.28, 15.36, '2021-06-14 09:07:36', '2021-06-14 09:07:36'),
(221, 23, 0, 0, 'ცალი', 60, 1.28, 76.8, '2021-06-14 09:07:58', '2021-06-14 09:07:58'),
(222, 22, 0, 0, 'ცალი', 12, 1.25, 15, '2021-06-14 09:08:32', '2021-06-14 09:08:32'),
(223, 9, 1, 0, 'ცალი', 21, 1.453, 30.513, '2021-06-15 17:41:58', '2021-06-15 17:41:58'),
(224, 3, 1, 0, 'ცალი', 35.65, 13, 463.45, '2021-06-15 17:42:50', '2021-06-15 17:42:50'),
(225, 6, 1, 0, 'ცალი', 10, 0.4, 4, '2021-06-16 08:11:02', '2021-06-16 08:11:02'),
(226, 5, 1, 0, 'ცალი', 50, 0.34, 17, '2021-06-16 08:11:20', '2021-06-16 08:11:20'),
(227, 4, 1, 0, 'ცალი', 150, 0.32, 48, '2021-06-16 08:11:38', '2021-06-16 08:11:38'),
(228, 14, 1, 1, 'კგ', 15, 1.46, 21.9, '2021-06-16 08:47:47', '2021-06-16 08:47:47'),
(229, 12, 1, 1, 'კგ', 10, 2.3, 23, '2021-06-16 08:48:25', '2021-06-16 08:48:25'),
(230, 31, 0, 0, 'ცალი', 12, 0.4, 4.8, '2021-06-16 18:16:58', '2021-06-16 18:16:58'),
(231, 22, 0, 0, 'ცალი', 12, 1.25, 15, '2021-06-16 18:17:15', '2021-06-16 18:17:15'),
(232, 56, 0, 0, 'ცალი', 12, 1.14, 13.68, '2021-06-16 18:17:44', '2021-06-16 18:17:44'),
(233, 23, 0, 0, 'ცალი', 60, 1.28, 76.8, '2021-06-16 18:18:00', '2021-06-16 18:18:00'),
(234, 33, 0, 0, 'ცალი', 24, 1.59, 38.16, '2021-06-16 18:18:20', '2021-06-16 18:18:20'),
(235, 36, 0, 0, 'ცალი', 6, 1.25, 7.5, '2021-06-16 18:24:38', '2021-06-16 18:24:38'),
(237, 58, 0, 0, 'ცალი', 6, 1.35, 8.1, '2021-06-16 18:25:20', '2021-06-16 18:25:20'),
(238, 12, 1, 1, 'კგ', 10, 2.5, 25, '2021-06-17 07:52:51', '2021-06-17 07:52:51'),
(239, 12, 1, 1, 'კგ', 10, 2.5, 25, '2021-06-18 06:48:31', '2021-06-18 06:48:31'),
(240, 35, 0, 0, 'ცალი', 24, 1.21, 29.04, '2021-06-18 07:49:26', '2021-06-18 07:49:26'),
(241, 40, 0, 0, 'ცალი', 5, 2.48, 12.4, '2021-06-18 11:57:52', '2021-06-18 11:57:52'),
(242, 42, 0, 0, 'ცალი', 5, 2.5, 12.5, '2021-06-18 11:58:13', '2021-06-18 11:58:13'),
(243, 41, 0, 0, 'ცალი', 5, 2.75, 13.75, '2021-06-18 11:58:31', '2021-06-18 11:58:31'),
(244, 22, 0, 0, 'ცალი', 12, 1.25, 15, '2021-06-18 11:59:24', '2021-06-18 11:59:24'),
(245, 23, 0, 0, 'ცალი', 60, 1.28, 76.8, '2021-06-18 11:59:43', '2021-06-18 11:59:43'),
(246, 28, 0, 0, 'ცალი', 36, 1.28, 46.08, '2021-06-18 12:00:12', '2021-06-18 12:00:12'),
(247, 31, 0, 0, 'ცალი', 25, 0.4, 10, '2021-06-18 12:00:39', '2021-06-18 12:00:39'),
(249, 3, 1, 1, 'კგ', 53.55, 13, 696.15, '2021-06-18 12:02:58', '2021-06-18 12:02:58'),
(250, 16, 1, 1, 'კგ', 12.5, 3.8, 47.5, '2021-06-18 12:03:59', '2021-06-18 12:03:59'),
(251, 4, 1, 0, 'ცალი', 300, 0.32, 96, '2021-06-18 18:19:26', '2021-06-18 18:19:26'),
(252, 5, 1, 0, 'ცალი', 100, 0.34, 34, '2021-06-18 18:19:59', '2021-06-18 18:19:59'),
(253, 24, 1, 0, 'ცალი', 2, 2.5, 5, '2021-06-18 18:32:36', '2021-06-18 18:32:36'),
(254, 14, 1, 1, 'კგ', 14, 1, 14, '2021-06-20 09:08:23', '2021-06-20 09:08:23'),
(255, 12, 1, 1, 'კგ', 10, 2.5, 25, '2021-06-20 09:08:42', '2021-06-20 09:08:42'),
(256, 3, 1, 1, 'კგ', 54.34, 13, 706.42, '2021-06-20 09:09:29', '2021-06-20 09:09:29'),
(257, 22, 1, 0, 'ცალი', 12, 1.4, 16.8, '2021-06-20 19:12:04', '2021-06-20 19:12:04'),
(258, 19, 1, 0, 'ცალი', 1, 4, 4, '2021-06-20 19:12:23', '2021-06-20 19:12:23'),
(259, 18, 1, 0, 'ცალი', 2, 3.5, 7, '2021-06-20 19:12:39', '2021-06-20 19:12:39'),
(260, 23, 1, 0, 'ცალი', 1, 21.9, 21.9, '2021-06-20 19:13:19', '2021-06-20 19:13:19'),
(261, 27, 1, 1, 'კგ', 2, 20, 40, '2021-06-20 19:13:55', '2021-06-20 19:13:55'),
(262, 6, 1, 0, 'ცალი', 20, 0.4, 8, '2021-06-21 08:07:23', '2021-06-21 08:07:23'),
(263, 25, 1, 0, 'ცალი', 50, 0.32, 16, '2021-06-21 08:07:53', '2021-06-21 08:07:53'),
(264, 20, 1, 0, 'ცალი', 1, 7, 7, '2021-06-21 09:21:59', '2021-06-21 09:21:59'),
(265, 23, 1, 0, 'ცალი', 1, 64, 64, '2021-06-21 09:23:06', '2021-06-21 09:23:06'),
(266, 33, 0, 0, 'ცალი', 24, 1.59, 38.16, '2021-06-21 09:24:37', '2021-06-21 09:24:37'),
(267, 32, 0, 0, 'ცალი', 24, 1.43, 34.32, '2021-06-21 09:25:24', '2021-06-21 09:25:24'),
(270, 29, 0, 0, 'ცალი', 12, 1.28, 15.36, '2021-06-21 09:26:06', '2021-06-21 09:26:06'),
(271, 28, 0, 0, 'ცალი', 24, 1.28, 30.72, '2021-06-21 09:26:39', '2021-06-21 09:26:39'),
(272, 27, 0, 0, 'ცალი', 6, 2.5, 15, '2021-06-21 09:27:47', '2021-06-21 09:27:47'),
(273, 23, 0, 0, 'ცალი', 48, 1.28, 61.44, '2021-06-21 09:28:18', '2021-06-21 09:28:18'),
(274, 22, 0, 0, 'ცალი', 12, 1.25, 15, '2021-06-21 09:28:39', '2021-06-21 09:28:39'),
(275, 56, 0, 0, 'ცალი', 30, 1.142, 34.26, '2021-06-21 09:31:21', '2021-06-21 09:31:21'),
(276, 10, 1, 0, 'ცალი', 10, 62, 620, '2021-06-21 11:07:54', '2021-06-21 11:07:54'),
(277, 12, 1, 1, 'კგ', 15, 2.5, 37.5, '2021-06-21 17:36:25', '2021-06-21 17:36:25'),
(278, 31, 0, 0, 'ცალი', 12, 0.4, 4.8, '2021-06-21 18:08:23', '2021-06-21 18:08:23'),
(279, 3, 1, 0, 'ცალი', 53.92, 13, 700.96, '2021-06-22 08:39:20', '2021-06-22 08:39:20'),
(280, 9, 1, 0, 'ცალი', 28, 1.55, 43.4, '2021-06-22 10:18:50', '2021-06-22 10:18:50'),
(281, 11, 1, 0, 'ცალი', 160, 1.73, 276.8, '2021-06-22 10:19:26', '2021-06-22 10:19:26'),
(282, 66, 0, 0, 'ცალი', 16, 1.9, 30.4, '2021-06-22 10:20:40', '2021-06-22 10:20:40'),
(283, 4, 1, 0, 'ცალი', 180, 0.32, 57.6, '2021-06-23 07:28:58', '2021-06-23 07:28:58'),
(284, 5, 1, 0, 'ცალი', 70, 0.34, 23.8, '2021-06-23 07:29:16', '2021-06-23 07:29:16'),
(285, 6, 1, 0, 'ცალი', 20, 0.4, 8, '2021-06-23 07:29:36', '2021-06-23 07:29:36'),
(286, 25, 1, 0, 'ცალი', 120, 0.32, 38.4, '2021-06-23 07:29:55', '2021-06-23 07:29:55'),
(287, 14, 1, 1, 'კგ', 16, 1, 16, '2021-06-23 08:08:22', '2021-06-23 08:08:22'),
(289, 2, 1, 1, 'კგ', 34.5, 0.85, 29.325, '2021-06-23 08:10:05', '2021-06-23 08:10:05'),
(290, 12, 1, 1, 'კგ', 10, 2.5, 25, '2021-06-23 08:10:21', '2021-06-23 08:10:21'),
(291, 22, 0, 0, 'ცალი', 12, 1.25, 15, '2021-06-23 17:45:38', '2021-06-23 17:45:38'),
(292, 33, 0, 0, 'ცალი', 24, 1.59, 38.16, '2021-06-23 17:46:48', '2021-06-23 17:46:48'),
(293, 56, 0, 0, 'ცალი', 12, 1.14, 13.68, '2021-06-23 17:49:04', '2021-06-23 17:49:04'),
(294, 23, 0, 0, 'ცალი', 72, 1.28, 92.16, '2021-06-23 17:49:34', '2021-06-23 17:49:34'),
(295, 28, 0, 0, 'ცალი', 12, 1.28, 15.36, '2021-06-23 17:50:37', '2021-06-23 17:50:37'),
(296, 13, 1, 0, 'ცალი', 2, 60, 120, '2021-06-24 13:00:06', '2021-06-24 13:00:06'),
(297, 3, 1, 1, 'კგ', 35.53, 13, 461.89, '2021-06-24 13:00:58', '2021-06-24 13:00:58'),
(298, 12, 1, 1, 'კგ', 10, 2.5, 25, '2021-06-24 13:08:50', '2021-06-24 13:08:50'),
(299, 65, 0, 0, 'ცალი', 6, 1.34, 8.04, '2021-06-25 11:21:12', '2021-06-25 11:21:12'),
(300, 56, 0, 0, 'ცალი', 12, 1.142, 13.704, '2021-06-25 11:22:07', '2021-06-25 11:22:07'),
(301, 22, 0, 0, 'ცალი', 12, 1.25, 15, '2021-06-25 11:22:36', '2021-06-25 11:22:36'),
(302, 23, 0, 0, 'ცალი', 72, 1.28, 92.16, '2021-06-25 11:23:15', '2021-06-25 11:23:15'),
(303, 23, 0, 0, 'ცალი', 12, 1.28, 15.36, '2021-06-25 11:23:39', '2021-06-25 11:23:39'),
(304, 27, 0, 0, 'ცალი', 6, 2.5, 15, '2021-06-25 11:23:56', '2021-06-25 11:23:56'),
(305, 28, 0, 0, 'ცალი', 12, 1.28, 15.36, '2021-06-25 11:24:24', '2021-06-25 11:24:24'),
(306, 31, 0, 0, 'ცალი', 36, 0.4, 14.4, '2021-06-25 11:24:54', '2021-06-25 11:24:54'),
(307, 33, 0, 0, 'ცალი', 24, 1.59, 38.16, '2021-06-25 11:25:13', '2021-06-25 11:25:13'),
(308, 36, 0, 0, 'ცალი', 6, 1.25, 7.5, '2021-06-25 11:26:00', '2021-06-25 11:26:00'),
(309, 3, 1, 1, 'კგ', 53.63, 13, 697.19, '2021-06-25 18:37:30', '2021-06-25 18:37:30'),
(310, 12, 1, 1, 'კგ', 10, 2.5, 25, '2021-06-26 09:01:29', '2021-06-26 09:01:29'),
(311, 14, 1, 1, 'კგ', 15, 1, 15, '2021-06-26 09:02:03', '2021-06-26 09:02:03'),
(312, 6, 1, 0, 'ცალი', 10, 0.4, 4, '2021-06-26 09:04:20', '2021-06-26 09:04:20'),
(315, 25, 1, 0, 'ცალი', 139, 0.32, 44.48, '2021-06-26 09:44:22', '2021-06-26 09:44:22'),
(316, 3, 1, 1, 'კგ', 37.5, 13, 487.5, '2021-06-26 09:46:33', '2021-06-26 09:46:33'),
(317, 4, 1, 0, 'ცალი', 99, 0.32, 31.68, '2021-06-26 10:15:55', '2021-06-26 10:15:55'),
(318, 5, 1, 0, 'ცალი', 50, 0.34, 17, '2021-06-26 10:16:11', '2021-06-26 10:16:11'),
(319, 25, 1, 0, 'ცალი', 159, 0.32, 50.88, '2021-06-27 08:50:02', '2021-06-27 08:50:02'),
(320, 4, 1, 0, 'ცალი', 200, 0.32, 64, '2021-06-27 08:52:31', '2021-06-27 08:52:31'),
(321, 5, 1, 0, 'ცალი', 50, 0.34, 17, '2021-06-27 08:53:01', '2021-06-27 08:53:01'),
(322, 12, 1, 1, 'კგ', 20, 2.5, 50, '2021-06-28 07:44:41', '2021-06-28 07:44:41'),
(323, 56, 0, 0, 'ცალი', 36, 1.142, 41.112, '2021-06-28 07:47:19', '2021-06-28 07:47:19'),
(324, 23, 0, 0, 'ცალი', 72, 1.28, 92.16, '2021-06-28 07:47:42', '2021-06-28 07:47:42'),
(325, 28, 0, 0, 'ცალი', 24, 1.28, 30.72, '2021-06-28 07:48:11', '2021-06-28 07:48:11'),
(326, 29, 0, 0, 'ცალი', 12, 1.28, 15.36, '2021-06-28 07:48:31', '2021-06-28 07:48:31'),
(327, 3, 1, 1, 'კგ', 34.9, 13, 453.7, '2021-06-28 07:49:42', '2021-06-28 07:49:42'),
(328, 55, 0, 0, 'ცალი', 60, 0.75, 45, '2021-06-28 07:53:07', '2021-06-28 07:53:07'),
(329, 15, 1, 1, 'კგ', 18, 5.56, 100.08, '2021-06-28 10:10:36', '2021-06-28 10:10:36'),
(330, 9, 1, 0, 'ცალი', 21, 1.49, 31.29, '2021-06-29 11:54:17', '2021-06-29 11:54:17'),
(331, 66, 0, 0, 'ცალი', 32, 1.9, 60.8, '2021-06-29 11:55:07', '2021-06-29 11:55:07'),
(332, 3, 1, 1, 'კგ', 42.32, 13, 550.16, '2021-06-29 11:56:21', '2021-06-29 11:56:21'),
(333, 22, 0, 0, 'ცალი', 24, 1.25, 30, '2021-06-30 09:19:28', '2021-06-30 09:19:28'),
(334, 32, 0, 0, 'ცალი', 36, 1.43, 51.48, '2021-06-30 09:20:03', '2021-06-30 09:20:03'),
(335, 23, 0, 0, 'ცალი', 60, 1.28, 76.8, '2021-06-30 09:20:48', '2021-06-30 09:20:48'),
(336, 33, 0, 0, 'ცალი', 24, 1.59, 38.16, '2021-06-30 09:21:13', '2021-06-30 09:21:13'),
(337, 56, 0, 0, 'ცალი', 12, 1.14, 13.68, '2021-06-30 09:21:37', '2021-06-30 09:21:37'),
(338, 3, 1, 1, 'კგ', 34.2, 13, 444.6, '2021-06-30 09:35:31', '2021-06-30 09:35:31'),
(339, 14, 1, 1, 'კგ', 14.7, 0.7, 10.29, '2021-06-30 09:46:55', '2021-06-30 09:46:55'),
(340, 12, 1, 1, 'კგ', 10, 2.5, 25, '2021-06-30 09:47:15', '2021-06-30 09:47:15'),
(341, 37, 0, 0, 'ცალი', 20, 0.43, 8.6, '2021-06-30 18:08:05', '2021-06-30 18:08:05'),
(342, 38, 0, 0, 'ცალი', 12, 0.85, 10.2, '2021-06-30 18:08:34', '2021-06-30 18:08:34'),
(343, 31, 0, 0, 'ცალი', 60, 0.4, 24, '2021-07-02 08:09:40', '2021-07-02 08:09:40'),
(344, 28, 0, 0, 'ცალი', 24, 1.28, 30.72, '2021-07-02 08:10:01', '2021-07-02 08:10:01'),
(345, 56, 0, 0, 'ცალი', 24, 1.142, 27.408, '2021-07-02 08:10:44', '2021-07-02 08:10:44'),
(346, 27, 0, 0, 'ცალი', 6, 2.5, 15, '2021-07-02 08:11:01', '2021-07-02 08:11:01'),
(347, 23, 0, 0, 'ცალი', 72, 1.28, 92.16, '2021-07-02 08:11:18', '2021-07-02 08:11:18'),
(348, 22, 0, 0, 'ცალი', 12, 1.25, 15, '2021-07-02 08:11:43', '2021-07-02 08:11:43'),
(349, 6, 1, 0, 'ცალი', 20, 0.4, 8, '2021-07-02 09:27:53', '2021-07-02 09:27:53'),
(350, 5, 1, 0, 'ცალი', 50, 0.34, 17, '2021-07-02 09:28:12', '2021-07-02 09:28:12'),
(351, 4, 1, 0, 'ცალი', 200, 0.32, 64, '2021-07-02 09:28:56', '2021-07-02 09:28:56'),
(352, 25, 1, 0, 'ცალი', 190, 0.32, 60.8, '2021-07-02 09:29:12', '2021-07-02 09:29:12'),
(353, 12, 1, 1, 'კგ', 10, 2.5, 25, '2021-07-02 09:29:39', '2021-07-02 09:29:39'),
(354, 8, 1, 0, 'ცალი', 80, 0.625, 50, '2021-07-03 11:48:19', '2021-07-03 11:48:19'),
(355, 9, 1, 0, 'ცალი', 21, 1.58, 33.18, '2021-07-03 11:49:04', '2021-07-03 11:49:04'),
(356, 14, 1, 1, 'კგ', 14.3, 0.7, 10.01, '2021-07-04 18:16:56', '2021-07-04 18:16:56'),
(357, 12, 1, 1, 'კგ', 10, 2.5, 25, '2021-07-04 18:18:10', '2021-07-04 18:18:10'),
(358, 10, 1, 0, 'ცალი', 2, 68, 136, '2021-07-04 18:26:12', '2021-07-04 18:26:12'),
(359, 3, 1, 1, 'კგ', 34.94, 13, 454.22, '2021-07-04 18:33:53', '2021-07-04 18:33:53'),
(360, 16, 1, 1, 'კგ', 12.5, 4, 50, '2021-07-04 18:34:58', '2021-07-04 18:34:58'),
(361, 6, 1, 0, 'ცალი', 10, 0.4, 4, '2021-07-04 18:41:51', '2021-07-04 18:41:51'),
(362, 5, 1, 0, 'ცალი', 10, 0.4, 4, '2021-07-04 18:56:48', '2021-07-04 18:56:48'),
(363, 36, 0, 0, 'ცალი', 12, 1.25, 15, '2021-07-05 16:11:01', '2021-07-05 16:11:01'),
(364, 33, 0, 0, 'ცალი', 12, 1.59, 19.08, '2021-07-05 16:11:33', '2021-07-05 16:11:33'),
(365, 32, 0, 0, 'ცალი', 12, 1.43, 17.16, '2021-07-05 16:11:59', '2021-07-05 16:11:59'),
(366, 28, 0, 0, 'ცალი', 24, 1.28, 30.72, '2021-07-05 16:13:27', '2021-07-05 16:13:27'),
(367, 23, 0, 0, 'ცალი', 60, 1.28, 76.8, '2021-07-05 16:13:54', '2021-07-05 16:13:54'),
(368, 3, 1, 1, 'კგ', 35.87, 13, 466.31, '2021-07-05 16:15:55', '2021-07-05 16:15:55'),
(369, 12, 1, 1, 'კგ', 10, 2.5, 25, '2021-07-05 16:18:43', '2021-07-05 16:18:43'),
(370, 2, 1, 1, 'კგ', 36, 0.7, 25.2, '2021-07-05 16:19:35', '2021-07-05 16:19:35'),
(371, 9, 1, 0, 'ცალი', 21, 1.57, 32.97, '2021-07-06 13:06:37', '2021-07-06 13:06:37'),
(372, 66, 0, 0, 'ცალი', 16, 1.9, 30.4, '2021-07-06 13:10:21', '2021-07-06 13:10:21'),
(373, 11, 1, 0, 'ცალი', 160, 1.73, 276.8, '2021-07-06 13:10:54', '2021-07-06 13:10:54'),
(374, 3, 1, 1, 'კგ', 33.44, 13, 434.72, '2021-07-06 13:11:36', '2021-07-06 13:11:36'),
(375, 12, 1, 1, 'კგ', 10, 2.5, 25, '2021-07-06 13:12:01', '2021-07-06 13:12:01'),
(376, 14, 1, 1, 'კგ', 15, 0.8, 12, '2021-07-07 12:39:15', '2021-07-07 12:39:15'),
(377, 12, 1, 1, 'კგ', 10, 2.5, 25, '2021-07-07 12:39:36', '2021-07-07 12:39:36'),
(378, 3, 1, 1, 'კგ', 38.33, 13, 498.29, '2021-07-07 12:41:25', '2021-07-07 12:41:25'),
(379, 5, 1, 0, 'ცალი', 50, 0.34, 17, '2021-07-07 12:41:59', '2021-07-07 12:41:59'),
(380, 4, 1, 0, 'ცალი', 192, 0.32, 61.44, '2021-07-07 12:42:17', '2021-07-07 12:42:17'),
(381, 25, 1, 0, 'ცალი', 209, 0.32, 66.88, '2021-07-07 12:43:12', '2021-07-07 12:43:12'),
(382, 33, 0, 0, 'ცალი', 24, 1.59, 38.16, '2021-07-07 12:44:26', '2021-07-07 12:44:26'),
(383, 23, 0, 0, 'ცალი', 84, 1.28, 107.52, '2021-07-07 12:45:18', '2021-07-07 12:45:18'),
(384, 28, 0, 0, 'ცალი', 24, 1.28, 30.72, '2021-07-07 12:45:42', '2021-07-07 12:45:42'),
(385, 27, 0, 0, 'ცალი', 6, 2.5, 15, '2021-07-07 12:45:59', '2021-07-07 12:45:59'),
(386, 22, 0, 0, 'ცალი', 12, 1.25, 15, '2021-07-07 12:46:34', '2021-07-07 12:46:34'),
(387, 56, 0, 0, 'ცალი', 24, 1.142, 27.408, '2021-07-07 12:46:56', '2021-07-07 12:46:56'),
(388, 58, 0, 0, 'ცალი', 6, 1.35, 8.1, '2021-07-08 18:55:13', '2021-07-08 18:55:13'),
(389, 49, 0, 0, 'ცალი', 10, 1.5, 15, '2021-07-08 19:19:41', '2021-07-08 19:19:41'),
(390, 52, 0, 0, 'ცალი', 10, 1.5, 15, '2021-07-08 19:20:03', '2021-07-08 19:20:03'),
(391, 46, 0, 0, 'ცალი', 10, 1.5, 15, '2021-07-08 19:20:26', '2021-07-08 19:20:26'),
(392, 64, 0, 0, 'ცალი', 10, 1.5, 15, '2021-07-08 19:20:46', '2021-07-08 19:20:46'),
(393, 12, 1, 1, 'კგ', 10, 4, 40, '2021-07-08 19:21:05', '2021-07-08 19:21:05'),
(394, 10, 1, 0, 'ცალი', 10, 7.5, 75, '2021-07-08 19:21:31', '2021-07-08 19:21:31'),
(395, 3, 1, 1, 'კგ', 37.12, 13, 482.56, '2021-07-08 19:22:53', '2021-07-08 19:22:53'),
(396, 22, 0, 0, 'ცალი', 24, 1.25, 30, '2021-07-09 08:55:29', '2021-07-09 08:55:29'),
(397, 28, 0, 0, 'ცალი', 24, 1.28, 30.72, '2021-07-09 08:55:55', '2021-07-09 08:55:55'),
(398, 29, 0, 0, 'ცალი', 12, 1.28, 15.36, '2021-07-09 08:56:24', '2021-07-09 08:56:24'),
(399, 31, 0, 0, 'ცალი', 48, 0.4, 19.2, '2021-07-09 08:56:42', '2021-07-09 08:56:42'),
(400, 32, 0, 0, 'ცალი', 24, 1.43, 34.32, '2021-07-09 08:57:13', '2021-07-09 08:57:13'),
(401, 33, 0, 0, 'ცალი', 36, 1.59, 57.24, '2021-07-09 08:57:39', '2021-07-09 08:57:39'),
(402, 23, 0, 0, 'ცალი', 60, 1.28, 76.8, '2021-07-09 08:58:07', '2021-07-09 08:58:07'),
(403, 22, 0, 0, 'ცალი', 12, 1.25, 15, '2021-07-09 15:31:02', '2021-07-09 15:31:02'),
(404, 10, 1, 0, 'ცალი', 10, 62, 620, '2021-07-09 18:08:40', '2021-07-09 18:08:40'),
(405, 9, 1, 0, 'ცალი', 21, 1.41, 29.61, '2021-07-10 18:24:52', '2021-07-10 18:24:52'),
(406, 12, 1, 1, 'კგ', 10, 4, 40, '2021-07-10 18:25:20', '2021-07-10 18:25:20'),
(407, 14, 1, 1, 'კგ', 15, 15, 225, '2021-07-11 18:15:45', '2021-07-11 18:15:45'),
(408, 3, 1, 1, 'კგ', 39.13, 13, 508.69, '2021-07-11 18:17:48', '2021-07-11 18:17:48'),
(411, 4, 1, 0, 'ცალი', 90, 0.32, 28.8, '2021-07-11 18:46:29', '2021-07-11 18:46:29'),
(412, 25, 1, 0, 'ცალი', 100, 0.32, 32, '2021-07-11 18:46:45', '2021-07-11 18:46:45'),
(413, 12, 1, 1, 'კგ', 10, 5, 50, '2021-07-12 08:23:32', '2021-07-12 08:23:32'),
(414, 47, 0, 0, 'ცალი', 14, 1.5, 21, '2021-07-12 18:24:06', '2021-07-12 18:24:06'),
(415, 27, 0, 0, 'ცალი', 6, 2.5, 15, '2021-07-12 18:47:21', '2021-07-12 18:47:21'),
(416, 56, 0, 0, 'ცალი', 12, 1.14, 13.68, '2021-07-12 18:48:12', '2021-07-12 18:48:12'),
(417, 23, 0, 0, 'ცალი', 72, 1.28, 92.16, '2021-07-12 18:48:41', '2021-07-12 18:48:41'),
(418, 3, 1, 1, 'კგ', 36.75, 13, 477.75, '2021-07-12 18:49:11', '2021-07-12 18:49:11'),
(419, 9, 1, 0, 'ცალი', 21, 1.55, 32.55, '2021-07-13 11:37:59', '2021-07-13 11:37:59'),
(420, 11, 1, 0, 'ცალი', 120, 1.73, 207.6, '2021-07-13 11:39:07', '2021-07-13 11:39:07'),
(421, 3, 1, 1, 'კგ', 33.95, 13, 441.35, '2021-07-13 11:55:30', '2021-07-13 11:55:30'),
(422, 12, 1, 1, 'კგ', 10, 5.5, 55, '2021-07-13 12:01:45', '2021-07-13 12:01:45'),
(423, 67, 0, 0, 'ცალი', 10, 20, 200, '2021-07-13 12:57:13', '2021-07-13 12:57:13'),
(424, 12, 1, 1, 'კგ', 10, 5.5, 55, '2021-07-14 10:46:57', '2021-07-14 10:46:57'),
(425, 22, 0, 0, 'ცალი', 12, 1.25, 15, '2021-07-14 10:47:27', '2021-07-14 10:47:27'),
(426, 33, 0, 0, 'ცალი', 12, 1.59, 19.08, '2021-07-14 10:47:53', '2021-07-14 10:47:53'),
(427, 32, 0, 0, 'ცალი', 12, 1.43, 17.16, '2021-07-14 10:48:36', '2021-07-14 10:48:36'),
(428, 31, 0, 0, 'ცალი', 36, 0.4, 14.4, '2021-07-14 10:49:37', '2021-07-14 10:49:37'),
(430, 56, 0, 0, 'ცალი', 12, 1.14, 13.68, '2021-07-14 10:54:35', '2021-07-14 10:54:35'),
(431, 28, 0, 0, 'ცალი', 12, 1.28, 15.36, '2021-07-14 10:55:15', '2021-07-14 10:55:15'),
(432, 23, 0, 0, 'ცალი', 48, 1.28, 61.44, '2021-07-14 10:57:47', '2021-07-14 10:57:47'),
(433, 8, 1, 0, 'ცალი', 40, 0.63, 25.2, '2021-07-14 11:01:27', '2021-07-14 11:01:27'),
(434, 14, 1, 1, 'კგ', 15, 0.8, 12, '2021-07-14 11:01:59', '2021-07-14 11:01:59'),
(435, 25, 1, 0, 'ცალი', 100, 0.32, 32, '2021-07-14 11:02:27', '2021-07-14 11:02:27'),
(437, 4, 1, 0, 'ცალი', 100, 0.32, 32, '2021-07-14 11:02:46', '2021-07-14 11:02:46'),
(438, 6, 1, 0, 'ცალი', 10, 0.4, 4, '2021-07-14 11:03:04', '2021-07-14 11:03:04'),
(439, 2, 1, 1, 'კგ', 33, 1, 33, '2021-07-15 07:13:11', '2021-07-15 07:13:11'),
(440, 12, 1, 1, 'კგ', 10, 6, 60, '2021-07-15 09:31:17', '2021-07-15 09:31:17'),
(441, 3, 1, 1, 'კგ', 48.17, 11.5, 553.955, '2021-07-15 18:01:08', '2021-07-15 18:01:08'),
(442, 6, 1, 0, 'ცალი', 10, 0.4, 4, '2021-07-16 08:12:28', '2021-07-16 08:12:28'),
(443, 5, 1, 0, 'ცალი', 20, 0.34, 6.8, '2021-07-16 08:12:53', '2021-07-16 08:12:53'),
(444, 4, 1, 0, 'ცალი', 100, 0.32, 32, '2021-07-16 08:13:10', '2021-07-16 08:13:10'),
(445, 25, 1, 0, 'ცალი', 100, 0.32, 32, '2021-07-16 08:13:25', '2021-07-16 08:13:25'),
(446, 13, 1, 0, 'ცალი', 2, 60, 120, '2021-07-16 08:15:23', '2021-07-16 08:15:23'),
(447, 56, 0, 0, 'ცალი', 12, 1.14, 13.68, '2021-07-16 08:16:19', '2021-07-16 08:16:19'),
(448, 23, 0, 0, 'ცალი', 72, 1.28, 92.16, '2021-07-16 08:16:43', '2021-07-16 08:16:43'),
(449, 27, 0, 0, 'ცალი', 6, 2.5, 15, '2021-07-16 08:17:07', '2021-07-16 08:17:07'),
(450, 56, 0, 0, 'ცალი', 12, 1.142, 13.704, '2021-07-16 08:17:46', '2021-07-16 08:17:46'),
(451, 28, 0, 0, 'ცალი', 24, 1.28, 30.72, '2021-07-16 08:18:05', '2021-07-16 08:18:05'),
(452, 29, 0, 0, 'ცალი', 12, 1.28, 15.36, '2021-07-16 08:18:28', '2021-07-16 08:18:28'),
(453, 32, 0, 0, 'ცალი', 12, 1.43, 17.16, '2021-07-16 08:19:00', '2021-07-16 08:19:00'),
(454, 23, 0, 0, 'ცალი', 12, 1.28, 15.36, '2021-07-16 08:19:22', '2021-07-16 08:19:22'),
(455, 33, 0, 0, 'ცალი', 12, 1.7, 20.4, '2021-07-16 08:20:01', '2021-07-16 08:20:01'),
(456, 3, 1, 1, 'კგ', 34.13, 13, 443.69, '2021-07-17 07:48:56', '2021-07-17 07:48:56'),
(457, 9, 1, 0, 'ცალი', 21, 1.59, 33.39, '2021-07-17 07:50:46', '2021-07-17 07:50:46'),
(458, 5, 1, 0, 'ცალი', 10, 0.34, 3.4, '2021-07-17 18:34:34', '2021-07-17 18:34:34'),
(459, 4, 1, 0, 'ცალი', 10, 0.32, 3.2, '2021-07-17 18:35:22', '2021-07-17 18:35:22'),
(460, 3, 1, 1, 'კგ', 38.1, 13, 495.3, '2021-07-19 10:02:50', '2021-07-19 10:02:50'),
(461, 16, 1, 1, 'კგ', 2.5, 4, 10, '2021-07-19 10:03:20', '2021-07-19 10:03:20'),
(462, 6, 1, 0, 'ცალი', 10, 0.4, 4, '2021-07-19 10:04:18', '2021-07-19 10:04:18'),
(463, 0, 1, 0, 'ცალი', 50, 0.34, 17, '2021-07-19 10:04:35', '2021-07-19 10:04:35'),
(464, 5, 1, 0, 'ცალი', 50, 0.34, 17, '2021-07-19 10:04:42', '2021-07-19 10:04:42'),
(465, 4, 1, 0, 'ცალი', 70, 0.32, 22.4, '2021-07-19 10:04:59', '2021-07-19 10:04:59'),
(466, 25, 1, 0, 'ცალი', 70, 0.32, 22.4, '2021-07-19 10:05:14', '2021-07-19 10:05:14'),
(467, 31, 0, 0, 'ცალი', 36, 0.4, 14.4, '2021-07-19 10:05:56', '2021-07-19 10:05:56'),
(468, 36, 0, 0, 'ცალი', 12, 1.25, 15, '2021-07-19 10:06:17', '2021-07-19 10:06:17'),
(469, 33, 0, 0, 'ცალი', 12, 1.7, 20.4, '2021-07-19 10:06:44', '2021-07-19 10:06:44'),
(470, 56, 0, 0, 'ცალი', 24, 1.14, 27.36, '2021-07-19 10:07:23', '2021-07-19 10:07:23'),
(471, 23, 0, 0, 'ცალი', 72, 1.28, 92.16, '2021-07-19 10:07:37', '2021-07-19 10:07:37'),
(472, 28, 0, 0, 'ცალი', 12, 1.28, 15.36, '2021-07-19 10:08:14', '2021-07-19 10:08:14'),
(473, 12, 1, 1, 'კგ', 20, 5, 100, '2021-07-19 14:58:44', '2021-07-19 14:58:44'),
(474, 3, 1, 1, 'კგ', 35.91, 13, 466.83, '2021-07-20 08:28:49', '2021-07-20 08:28:49'),
(475, 16, 1, 1, 'კგ', 7.5, 4, 30, '2021-07-20 08:29:18', '2021-07-20 08:29:18'),
(476, 14, 1, 1, 'კგ', 14, 1, 14, '2021-07-21 13:50:47', '2021-07-21 13:50:47'),
(477, 8, 1, 0, 'ცალი', 40, 0.63, 25.2, '2021-07-21 13:52:05', '2021-07-21 13:52:05'),
(479, 22, 0, 0, 'ცალი', 24, 1.25, 30, '2021-07-21 14:01:25', '2021-07-21 14:01:25'),
(480, 23, 0, 0, 'ცალი', 84, 1.28, 107.52, '2021-07-21 14:01:54', '2021-07-21 14:01:54'),
(481, 27, 0, 0, 'ცალი', 6, 2.5, 15, '2021-07-21 14:02:12', '2021-07-21 14:02:12'),
(482, 28, 0, 0, 'ცალი', 24, 1.28, 30.72, '2021-07-21 14:02:38', '2021-07-21 14:02:38'),
(483, 29, 0, 0, 'ცალი', 12, 1.28, 15.36, '2021-07-21 14:02:54', '2021-07-21 14:02:54'),
(484, 31, 0, 0, 'ცალი', 24, 0.4, 9.6, '2021-07-21 14:03:09', '2021-07-21 14:03:09'),
(485, 32, 0, 0, 'ცალი', 12, 1.43, 17.16, '2021-07-21 14:03:36', '2021-07-21 14:03:36'),
(486, 33, 0, 0, 'ცალი', 12, 1.7, 20.4, '2021-07-21 14:03:53', '2021-07-21 14:03:53'),
(487, 5, 1, 0, 'ცალი', 70, 0.34, 23.8, '2021-07-21 14:20:52', '2021-07-21 14:20:52'),
(488, 4, 1, 0, 'ცალი', 70, 0.32, 22.4, '2021-07-21 14:21:11', '2021-07-21 14:21:11'),
(489, 25, 1, 0, 'ცალი', 50, 0.32, 16, '2021-07-21 14:30:57', '2021-07-21 14:30:57'),
(490, 10, 1, 0, 'ცალი', 3, 65, 195, '2021-07-22 07:50:50', '2021-07-22 07:50:50'),
(491, 3, 1, 1, 'კგ', 52.96, 13, 688.48, '2021-07-22 10:38:49', '2021-07-22 10:38:49'),
(492, 4, 1, 0, 'ცალი', 100, 0.32, 32, '2021-07-22 10:42:47', '2021-07-22 10:42:47'),
(493, 25, 1, 0, 'ცალი', 100, 0.32, 32, '2021-07-22 10:43:02', '2021-07-22 10:43:02'),
(494, 2, 1, 1, 'კგ', 29.5, 0.9, 26.55, '2021-07-23 09:20:55', '2021-07-23 09:20:55'),
(495, 12, 1, 1, 'კგ', 10, 6.5, 65, '2021-07-23 09:21:11', '2021-07-23 09:21:11'),
(496, 23, 0, 0, 'ცალი', 72, 1.28, 92.16, '2021-07-23 09:25:58', '2021-07-23 09:25:58'),
(497, 28, 0, 0, 'ცალი', 12, 1.28, 15.36, '2021-07-23 09:26:24', '2021-07-23 09:26:24'),
(498, 56, 0, 0, 'ცალი', 12, 1.142, 13.704, '2021-07-23 09:26:56', '2021-07-23 09:26:56'),
(499, 31, 0, 0, 'ცალი', 12, 0.4, 4.8, '2021-07-23 09:27:15', '2021-07-23 09:27:15'),
(500, 32, 0, 0, 'ცალი', 36, 1.43, 51.48, '2021-07-23 09:27:48', '2021-07-23 09:27:48'),
(501, 33, 0, 0, 'ცალი', 24, 1.7, 40.8, '2021-07-23 09:28:18', '2021-07-23 09:28:18'),
(502, 3, 1, 1, 'კგ', 40.67, 13, 528.71, '2021-07-23 18:18:25', '2021-07-23 18:18:25'),
(504, 6, 1, 0, 'ცალი', 20, 0.4, 8, '2021-07-24 10:32:01', '2021-07-24 10:32:01'),
(505, 5, 1, 0, 'ცალი', 50, 0.34, 17, '2021-07-24 10:32:19', '2021-07-24 10:32:19'),
(506, 4, 1, 0, 'ცალი', 100, 0.32, 32, '2021-07-24 10:32:39', '2021-07-24 10:32:39'),
(507, 25, 1, 0, 'ცალი', 150, 0.32, 48, '2021-07-24 10:32:58', '2021-07-24 10:32:58'),
(508, 14, 1, 1, 'კგ', 18.7, 1, 18.7, '2021-07-24 10:34:19', '2021-07-24 10:34:19'),
(509, 12, 1, 1, 'კგ', 15, 6.5, 97.5, '2021-07-24 10:35:02', '2021-07-24 10:35:02'),
(510, 3, 1, 1, 'კგ', 18.93, 13, 246.09, '2021-07-24 10:38:27', '2021-07-24 10:38:27'),
(511, 9, 1, 0, 'ცალი', 21, 1.523, 31.983, '2021-07-24 10:40:55', '2021-07-24 10:40:55'),
(512, 3, 1, 1, 'კგ', 13.125, 8, 105, '2021-07-24 10:42:01', '2021-07-24 10:42:01'),
(513, 10, 1, 0, 'ცალი', 7, 68, 476, '2021-07-25 10:36:59', '2021-07-25 10:36:59'),
(514, 23, 0, 0, 'ცალი', 24, 1.28, 30.72, '2021-07-25 16:46:52', '2021-07-25 16:46:52'),
(515, 25, 1, 0, 'ცალი', 50, 0.32, 16, '2021-07-26 07:34:20', '2021-07-26 07:34:20'),
(516, 5, 1, 0, 'ცალი', 20, 0.34, 6.8, '2021-07-26 07:34:36', '2021-07-26 07:34:36'),
(517, 4, 1, 0, 'ცალი', 90, 0.32, 28.8, '2021-07-26 07:34:59', '2021-07-26 07:34:59'),
(518, 3, 1, 1, 'კგ', 38.28, 12.5, 478.5, '2021-07-26 09:21:33', '2021-07-26 09:21:33'),
(519, 3, 1, 1, 'კგ', 8.8, 11, 96.8, '2021-07-26 09:21:53', '2021-07-26 09:21:53'),
(520, 12, 1, 1, 'კგ', 10, 4.5, 45, '2021-07-26 09:22:52', '2021-07-26 09:22:52'),
(521, 56, 0, 0, 'ცალი', 12, 1.142, 13.704, '2021-07-26 14:49:54', '2021-07-26 14:49:54'),
(522, 22, 0, 0, 'ცალი', 12, 1.25, 15, '2021-07-26 14:50:16', '2021-07-26 14:50:16'),
(523, 23, 0, 0, 'ცალი', 72, 1.28, 92.16, '2021-07-26 14:50:39', '2021-07-26 14:50:39'),
(524, 27, 0, 0, 'ცალი', 6, 2.5, 15, '2021-07-26 14:51:04', '2021-07-26 14:51:04'),
(525, 28, 0, 0, 'ცალი', 24, 1.28, 30.72, '2021-07-26 14:51:26', '2021-07-26 14:51:26'),
(526, 31, 0, 0, 'ცალი', 24, 0.4, 9.6, '2021-07-26 14:51:45', '2021-07-26 14:51:45'),
(527, 33, 0, 0, 'ცალი', 36, 1.7, 61.2, '2021-07-26 14:52:21', '2021-07-26 14:52:21'),
(528, 12, 1, 0, 'ცალი', 10, 6, 60, '2021-07-28 18:25:24', '2021-07-28 18:25:24'),
(529, 14, 1, 1, 'კგ', 12.5, 1.2, 15, '2021-07-28 18:27:00', '2021-07-28 18:27:00'),
(530, 31, 0, 0, 'ცალი', 24, 0.4, 9.6, '2021-07-28 18:28:13', '2021-07-28 18:28:13'),
(531, 22, 0, 0, 'ცალი', 12, 1.25, 15, '2021-07-28 18:28:39', '2021-07-28 18:28:39'),
(532, 23, 0, 0, 'ცალი', 12, 1.28, 15.36, '2021-07-28 18:29:25', '2021-07-28 18:29:25'),
(533, 56, 0, 0, 'ცალი', 12, 1.14, 13.68, '2021-07-28 18:29:58', '2021-07-28 18:29:58'),
(534, 23, 0, 0, 'ცალი', 72, 1.28, 92.16, '2021-07-28 18:30:42', '2021-07-28 18:30:42'),
(535, 23, 0, 0, 'ცალი', 12, 1.28, 15.36, '2021-07-28 18:31:10', '2021-07-28 18:31:10'),
(536, 29, 0, 0, 'ცალი', 12, 1.28, 15.36, '2021-07-28 18:31:37', '2021-07-28 18:31:37'),
(537, 56, 0, 0, 'ცალი', 12, 1.14, 13.68, '2021-07-28 18:32:03', '2021-07-28 18:32:03'),
(538, 28, 0, 0, 'ცალი', 12, 1.28, 15.36, '2021-07-28 18:32:40', '2021-07-28 18:32:40'),
(539, 3, 1, 1, 'კგ', 46, 11, 506, '2021-07-28 18:35:59', '2021-07-28 18:35:59'),
(540, 22, 1, 0, 'ცალი', 16, 1.9, 30.4, '2021-07-28 18:36:45', '2021-07-28 18:36:45'),
(541, 11, 1, 0, 'ცალი', 120, 1.73, 207.6, '2021-07-28 18:37:18', '2021-07-28 18:37:18'),
(542, 12, 1, 1, 'კგ', 10, 6, 60, '2021-07-29 09:04:57', '2021-07-29 09:04:57'),
(543, 8, 1, 0, 'ცალი', 56, 0.63, 35.28, '2021-07-29 09:05:43', '2021-07-29 09:05:43'),
(544, 66, 0, 0, 'ცალი', 2, 2.8, 5.6, '2021-07-29 09:06:17', '2021-07-29 09:06:17'),
(545, 6, 1, 0, 'ცალი', 20, 0.4, 8, '2021-07-29 09:21:13', '2021-07-29 09:21:13'),
(546, 5, 1, 0, 'ცალი', 30, 0.34, 10.2, '2021-07-29 09:21:41', '2021-07-29 09:21:41'),
(547, 4, 1, 0, 'ცალი', 70, 0.32, 22.4, '2021-07-29 09:21:56', '2021-07-29 09:21:56'),
(548, 25, 1, 0, 'ცალი', 70, 0.32, 22.4, '2021-07-29 09:22:35', '2021-07-29 09:22:35'),
(549, 9, 1, 0, 'ცალი', 24, 1.63, 39.12, '2021-07-29 09:28:39', '2021-07-29 09:28:39'),
(550, 3, 1, 1, 'კგ', 46, 11, 506, '2021-07-29 18:05:29', '2021-07-29 18:05:29'),
(551, 16, 1, 1, 'კგ', 12.5, 4, 50, '2021-07-29 18:06:12', '2021-07-29 18:06:12'),
(552, 5, 1, 0, 'ცალი', 70, 0.34, 23.8, '2021-07-30 08:32:30', '2021-07-30 08:32:30'),
(553, 4, 1, 0, 'ცალი', 140, 0.32, 44.8, '2021-07-30 08:32:47', '2021-07-30 08:32:47'),
(554, 25, 1, 0, 'ცალი', 160, 0.32, 51.2, '2021-07-30 08:33:24', '2021-07-30 08:33:24'),
(555, 23, 0, 0, 'ცალი', 60, 1.28, 76.8, '2021-07-30 08:34:43', '2021-07-30 08:34:43'),
(556, 27, 0, 0, 'ცალი', 6, 2.5, 15, '2021-07-30 08:35:00', '2021-07-30 08:35:00'),
(557, 56, 0, 0, 'ცალი', 24, 1.142, 27.408, '2021-07-30 08:35:31', '2021-07-30 08:35:31'),
(559, 31, 0, 0, 'ცალი', 24, 0.4, 9.6, '2021-07-30 08:37:13', '2021-07-30 08:37:13'),
(560, 32, 0, 0, 'ცალი', 24, 1.43, 34.32, '2021-07-30 08:38:55', '2021-07-30 08:38:55'),
(561, 14, 1, 1, 'კგ', 17.5, 1.2, 21, '2021-07-30 11:33:48', '2021-07-30 11:33:48'),
(562, 12, 1, 1, 'კგ', 10, 5, 50, '2021-07-30 11:34:03', '2021-07-30 11:34:03'),
(563, 28, 0, 0, 'ცალი', 12, 1.28, 15.36, '2021-07-30 18:54:36', '2021-07-30 18:54:36'),
(564, 3, 1, 1, 'კგ', 46, 11, 506, '2021-07-30 18:57:34', '2021-07-30 18:57:34'),
(565, 9, 1, 0, 'ცალი', 35, 1.5, 52.5, '2021-07-31 19:03:53', '2021-07-31 19:03:53'),
(566, 2, 1, 1, 'კგ', 32, 0.95, 30.4, '2021-08-02 15:00:05', '2021-08-02 15:00:05'),
(567, 12, 1, 1, 'კგ', 20, 5.5, 110, '2021-08-02 15:01:33', '2021-08-02 15:01:33'),
(568, 56, 0, 0, 'ცალი', 12, 1.142, 13.704, '2021-08-02 15:03:27', '2021-08-02 15:03:27'),
(569, 22, 0, 0, 'ცალი', 12, 1.25, 15, '2021-08-02 15:03:43', '2021-08-02 15:03:43'),
(570, 23, 0, 0, 'ცალი', 60, 1.28, 76.8, '2021-08-02 15:04:06', '2021-08-02 15:04:06'),
(571, 27, 0, 0, 'ცალი', 12, 2.5, 30, '2021-08-02 15:04:29', '2021-08-02 15:04:29'),
(572, 28, 0, 0, 'ცალი', 12, 1.28, 15.36, '2021-08-02 15:04:56', '2021-08-02 15:04:56'),
(573, 33, 0, 0, 'ცალი', 24, 1.7, 40.8, '2021-08-02 15:05:52', '2021-08-02 15:05:52'),
(574, 3, 1, 1, 'კგ', 46, 11, 506, '2021-08-02 15:06:53', '2021-08-02 15:06:53'),
(575, 5, 1, 0, 'ცალი', 30, 0.34, 10.2, '2021-08-03 09:04:06', '2021-08-03 09:04:06'),
(576, 4, 1, 0, 'ცალი', 70, 0.32, 22.4, '2021-08-03 09:04:43', '2021-08-03 09:04:43'),
(577, 25, 1, 0, 'ცალი', 67, 0.32, 21.44, '2021-08-03 09:05:34', '2021-08-03 09:05:34'),
(578, 10, 1, 0, 'ცალი', 10, 62, 620, '2021-08-03 18:37:31', '2021-08-03 18:37:31'),
(579, 11, 1, 0, 'ცალი', 120, 1.73, 207.6, '2021-08-03 18:38:09', '2021-08-03 18:38:09'),
(580, 56, 0, 0, 'ცალი', 12, 1.142, 13.704, '2021-08-04 07:53:44', '2021-08-04 07:53:44'),
(581, 22, 0, 0, 'ცალი', 24, 1.25, 30, '2021-08-04 07:54:09', '2021-08-04 07:54:09'),
(582, 23, 0, 0, 'ცალი', 72, 1.28, 92.16, '2021-08-04 07:54:35', '2021-08-04 07:54:35'),
(583, 28, 0, 0, 'ცალი', 24, 1.28, 30.72, '2021-08-04 07:58:41', '2021-08-04 07:58:41'),
(584, 29, 0, 0, 'ცალი', 12, 1.28, 15.36, '2021-08-04 07:58:57', '2021-08-04 07:58:57'),
(585, 31, 0, 0, 'ცალი', 36, 0.4, 14.4, '2021-08-04 07:59:31', '2021-08-04 07:59:31'),
(586, 32, 0, 0, 'ცალი', 12, 1.43, 17.16, '2021-08-04 07:59:54', '2021-08-04 07:59:54'),
(587, 3, 1, 1, 'კგ', 46, 11, 506, '2021-08-04 13:30:03', '2021-08-04 13:30:03'),
(588, 13, 1, 0, 'ცალი', 2, 60, 120, '2021-08-04 13:30:23', '2021-08-04 13:30:23'),
(589, 35, 0, 0, 'ცალი', 12, 1.25, 15, '2021-08-04 13:31:26', '2021-08-04 13:31:26'),
(590, 35, 0, 0, 'ცალი', 24, 1, 24, '2021-08-04 13:32:19', '2021-08-04 13:32:19'),
(592, 4, 1, 0, 'ცალი', 150, 0.32, 48, '2021-08-04 13:34:05', '2021-08-04 13:34:05'),
(593, 25, 1, 0, 'ცალი', 200, 0.32, 64, '2021-08-04 13:35:33', '2021-08-04 13:35:33'),
(594, 24, 1, 0, 'ცალი', 22.2, 1, 22.2, '2021-08-04 13:37:58', '2021-08-04 13:37:58'),
(595, 6, 1, 0, 'ცალი', 10, 0.4, 4, '2021-08-04 17:45:01', '2021-08-04 17:45:01'),
(596, 14, 1, 1, 'კგ', 23, 1.7, 39.1, '2021-08-05 10:10:26', '2021-08-05 10:10:26'),
(597, 12, 1, 0, 'ცალი', 10, 5, 50, '2021-08-06 07:57:44', '2021-08-06 07:57:44'),
(598, 12, 1, 0, 'ცალი', 10, 5, 50, '2021-08-06 07:57:46', '2021-08-06 07:57:46'),
(599, 22, 0, 0, 'ცალი', 12, 1.25, 15, '2021-08-06 09:39:31', '2021-08-06 09:39:31'),
(600, 23, 0, 0, 'ცალი', 60, 1.28, 76.8, '2021-08-06 09:39:48', '2021-08-06 09:39:48'),
(601, 23, 0, 0, 'ცალი', 12, 1.28, 15.36, '2021-08-06 09:40:06', '2021-08-06 09:40:06'),
(602, 28, 0, 0, 'ცალი', 12, 1.28, 15.36, '2021-08-06 09:40:34', '2021-08-06 09:40:34'),
(603, 31, 0, 0, 'ცალი', 36, 0.4, 14.4, '2021-08-06 09:40:51', '2021-08-06 09:40:51'),
(604, 22, 0, 0, 'ცალი', 12, 1.25, 15, '2021-08-06 09:41:14', '2021-08-06 09:41:14'),
(605, 3, 1, 1, 'კგ', 46, 11, 506, '2021-08-06 09:41:41', '2021-08-06 09:41:41'),
(606, 9, 1, 0, 'ცალი', 35, 1.53, 53.55, '2021-08-08 18:07:30', '2021-08-08 18:07:30'),
(607, 2, 1, 1, 'კგ', 46, 11, 506, '2021-08-08 18:08:02', '2021-08-08 18:08:02'),
(608, 66, 0, 0, 'ცალი', 48, 2, 96, '2021-08-08 18:09:03', '2021-08-08 18:09:03'),
(609, 20, 1, 0, 'ცალი', 1, 10, 10, '2021-08-08 18:10:11', '2021-08-08 18:10:11'),
(610, 22, 1, 0, 'ცალი', 2000, 0.03, 60, '2021-08-08 18:11:55', '2021-08-08 18:11:55'),
(611, 12, 1, 1, 'კგ', 10, 5, 50, '2021-08-08 18:49:04', '2021-08-08 18:49:04'),
(612, 14, 1, 1, 'კგ', 14.5, 2.2, 31.9, '2021-08-08 18:50:53', '2021-08-08 18:50:53'),
(613, 3, 1, 1, 'კგ', 46, 11, 506, '2021-08-08 18:51:46', '2021-08-08 18:51:46'),
(614, 6, 1, 0, 'ცალი', 10, 0.4, 4, '2021-08-09 10:14:39', '2021-08-09 10:14:39'),
(615, 4, 1, 0, 'ცალი', 100, 0.32, 32, '2021-08-09 10:15:11', '2021-08-09 10:15:11'),
(616, 25, 1, 0, 'ცალი', 100, 0.32, 32, '2021-08-09 10:15:30', '2021-08-09 10:15:30'),
(617, 12, 1, 1, 'კგ', 6.5, 7, 45.5, '2021-08-09 10:15:55', '2021-08-09 10:15:55'),
(618, 23, 0, 0, 'ცალი', 60, 1.28, 76.8, '2021-08-09 10:40:31', '2021-08-09 10:40:31'),
(619, 27, 0, 0, 'ცალი', 6, 2.5, 15, '2021-08-09 10:40:52', '2021-08-09 10:40:52'),
(620, 28, 0, 0, 'ცალი', 24, 1.28, 30.72, '2021-08-09 10:41:08', '2021-08-09 10:41:08'),
(621, 31, 0, 0, 'ცალი', 12, 0.4, 4.8, '2021-08-09 10:41:27', '2021-08-09 10:41:27'),
(622, 32, 0, 0, 'ცალი', 36, 1.43, 51.48, '2021-08-09 10:42:05', '2021-08-09 10:42:05');
INSERT INTO `migeba` (`id`, `product_id`, `is_ingredienti`, `erteuli`, `erteuli_var`, `quantity`, `erteulis_fasi`, `total`, `created_at`, `updated_at`) VALUES
(623, 0, 0, 0, 'ცალი', 12, 1.28, 15.36, '2021-08-09 10:42:50', '2021-08-09 10:42:50'),
(624, 23, 0, 0, 'ცალი', 12, 1.28, 15.36, '2021-08-09 10:43:04', '2021-08-09 10:43:04'),
(625, 33, 0, 0, 'ცალი', 24, 1.7, 40.8, '2021-08-09 10:44:05', '2021-08-09 10:44:05'),
(626, 12, 1, 1, 'კგ', 9, 7, 63, '2021-08-10 06:42:55', '2021-08-10 06:42:55'),
(627, 3, 1, 1, 'კგ', 46, 11, 506, '2021-08-10 18:05:01', '2021-08-10 18:05:01'),
(628, 8, 1, 0, 'ცალი', 48, 0.625, 30, '2021-08-11 06:26:25', '2021-08-11 06:26:25'),
(629, 6, 1, 0, 'ცალი', 20, 0.4, 8, '2021-08-11 06:43:51', '2021-08-11 06:43:51'),
(630, 5, 1, 0, 'ცალი', 50, 0.34, 17, '2021-08-11 06:44:13', '2021-08-11 06:44:13'),
(631, 4, 1, 0, 'ცალი', 150, 0.32, 48, '2021-08-11 06:46:38', '2021-08-11 06:46:38'),
(632, 25, 1, 0, 'ცალი', 200, 0.32, 64, '2021-08-11 06:46:58', '2021-08-11 06:46:58'),
(633, 16, 1, 1, 'კგ', 12.5, 4, 50, '2021-08-11 11:15:15', '2021-08-11 11:15:15'),
(634, 56, 0, 0, 'ცალი', 48, 1.142, 54.816, '2021-08-11 11:19:43', '2021-08-11 11:19:43'),
(635, 23, 0, 0, 'ცალი', 60, 1.28, 76.8, '2021-08-11 11:21:02', '2021-08-11 11:21:02'),
(636, 23, 0, 0, 'ცალი', 12, 1.28, 15.36, '2021-08-11 11:21:49', '2021-08-11 11:21:49'),
(637, 29, 0, 0, 'ცალი', 12, 1.28, 15.36, '2021-08-11 11:22:17', '2021-08-11 11:22:17'),
(638, 31, 0, 0, 'ცალი', 12, 0.4, 4.8, '2021-08-11 11:22:59', '2021-08-11 11:22:59'),
(639, 33, 0, 0, 'ცალი', 36, 1.7, 61.2, '2021-08-11 11:24:07', '2021-08-11 11:24:07'),
(640, 58, 0, 0, 'ცალი', 12, 1.35, 16.2, '2021-08-11 11:25:01', '2021-08-11 11:25:01'),
(641, 36, 0, 0, 'ცალი', 12, 1.25, 15, '2021-08-11 11:26:20', '2021-08-11 11:26:20'),
(642, 11, 1, 0, 'ცალი', 120, 1.73, 207.6, '2021-08-11 11:30:36', '2021-08-11 11:30:36'),
(643, 66, 0, 0, 'ცალი', 16, 1.9, 30.4, '2021-08-11 11:31:42', '2021-08-11 11:31:42'),
(644, 66, 0, 0, 'ცალი', 3, 1, 3, '2021-08-11 11:32:16', '2021-08-11 11:32:16'),
(645, 3, 1, 1, 'კგ', 46, 11, 506, '2021-08-11 11:33:49', '2021-08-11 11:33:49'),
(646, 14, 1, 1, 'კგ', 23, 1.7, 39.1, '2021-08-12 07:42:47', '2021-08-12 07:42:47'),
(647, 12, 1, 1, 'კგ', 10, 7, 70, '2021-08-12 07:43:25', '2021-08-12 07:43:25'),
(648, 27, 1, 0, 'ცალი', 1, 70, 70, '2021-08-12 07:44:35', '2021-08-12 07:44:35');

-- --------------------------------------------------------

--
-- Table structure for table `migebuli_products`
--

CREATE TABLE `migebuli_products` (
  `id` int(10) UNSIGNED NOT NULL,
  `product_id` int(11) DEFAULT NULL,
  `quantity` int(11) DEFAULT NULL,
  `kg_price` int(11) DEFAULT NULL,
  `created_at` timestamp NULL DEFAULT NULL,
  `updated_at` timestamp NULL DEFAULT NULL
) ENGINE=InnoDB DEFAULT CHARSET=utf8mb4 COLLATE=utf8mb4_unicode_ci;

-- --------------------------------------------------------

--
-- Table structure for table `migrations`
--

CREATE TABLE `migrations` (
  `id` int(10) UNSIGNED NOT NULL,
  `migration` varchar(255) COLLATE utf8mb4_unicode_ci NOT NULL,
  `batch` int(11) NOT NULL
) ENGINE=InnoDB DEFAULT CHARSET=utf8mb4 COLLATE=utf8mb4_unicode_ci;

--
-- Dumping data for table `migrations`
--

INSERT INTO `migrations` (`id`, `migration`, `batch`) VALUES
(1, '2014_10_12_000000_create_users_table', 1),
(2, '2014_10_12_100000_create_password_resets_table', 1),
(3, '2016_01_01_000000_add_voyager_user_fields', 1),
(4, '2016_01_01_000000_create_data_types_table', 1),
(5, '2016_05_19_173453_create_menu_table', 1),
(6, '2016_10_21_190000_create_roles_table', 1),
(7, '2016_10_21_190000_create_settings_table', 1),
(8, '2016_11_30_135954_create_permission_table', 1),
(9, '2016_11_30_141208_create_permission_role_table', 1),
(10, '2016_12_26_201236_data_types__add__server_side', 1),
(11, '2017_01_13_000000_add_route_to_menu_items_table', 1),
(12, '2017_01_14_005015_create_translations_table', 1),
(13, '2017_01_15_000000_make_table_name_nullable_in_permissions_table', 1),
(14, '2017_03_06_000000_add_controller_to_data_types_table', 1),
(15, '2017_04_21_000000_add_order_to_data_rows_table', 1),
(16, '2017_07_05_210000_add_policyname_to_data_types_table', 1),
(17, '2017_08_05_000000_add_group_to_settings_table', 1),
(18, '2017_11_26_013050_add_user_role_relationship', 1),
(19, '2017_11_26_015000_create_user_roles_table', 1),
(20, '2018_03_11_000000_add_user_settings', 1),
(21, '2018_03_14_000000_add_details_to_data_types_table', 1),
(22, '2018_03_16_000000_make_settings_value_nullable', 1),
(23, '2019_08_19_000000_create_failed_jobs_table', 1),
(1, '2014_10_12_000000_create_users_table', 1),
(2, '2014_10_12_100000_create_password_resets_table', 1),
(3, '2016_01_01_000000_add_voyager_user_fields', 1),
(4, '2016_01_01_000000_create_data_types_table', 1),
(5, '2016_05_19_173453_create_menu_table', 1),
(6, '2016_10_21_190000_create_roles_table', 1),
(7, '2016_10_21_190000_create_settings_table', 1),
(8, '2016_11_30_135954_create_permission_table', 1),
(9, '2016_11_30_141208_create_permission_role_table', 1),
(10, '2016_12_26_201236_data_types__add__server_side', 1),
(11, '2017_01_13_000000_add_route_to_menu_items_table', 1),
(12, '2017_01_14_005015_create_translations_table', 1),
(13, '2017_01_15_000000_make_table_name_nullable_in_permissions_table', 1),
(14, '2017_03_06_000000_add_controller_to_data_types_table', 1),
(15, '2017_04_21_000000_add_order_to_data_rows_table', 1),
(16, '2017_07_05_210000_add_policyname_to_data_types_table', 1),
(17, '2017_08_05_000000_add_group_to_settings_table', 1),
(18, '2017_11_26_013050_add_user_role_relationship', 1),
(19, '2017_11_26_015000_create_user_roles_table', 1),
(20, '2018_03_11_000000_add_user_settings', 1),
(21, '2018_03_14_000000_add_details_to_data_types_table', 1),
(22, '2018_03_16_000000_make_settings_value_nullable', 1),
(23, '2019_08_19_000000_create_failed_jobs_table', 1);

-- --------------------------------------------------------

--
-- Table structure for table `orders`
--

CREATE TABLE `orders` (
  `id` int(11) NOT NULL,
  `pay_method` int(11) DEFAULT 0,
  `parent_id` int(11) DEFAULT 0,
  `product_id` int(11) DEFAULT 0,
  `price` float DEFAULT NULL,
  `quantity` int(11) DEFAULT NULL,
  `additional_info` varchar(255) DEFAULT NULL,
  `created_at` timestamp NULL DEFAULT NULL,
  `updated_at` timestamp NULL DEFAULT NULL
) ENGINE=InnoDB DEFAULT CHARSET=utf8mb4;

--
-- Dumping data for table `orders`
--

INSERT INTO `orders` (`id`, `pay_method`, `parent_id`, `product_id`, `price`, `quantity`, `additional_info`, `created_at`, `updated_at`) VALUES
(1, 1, 1, 21, 3, 5, 'ყველაფრით', '2021-09-13 20:29:57', '2021-09-13 20:29:57'),
(2, 1, 2, 19, 5, 5, 'ყველაფრით', '2021-09-13 20:30:17', '2021-09-13 20:30:17'),
(3, 1, 3, 18, 5, 5, 'ყველაფრით', '2021-10-03 13:55:57', '2021-10-03 13:55:57'),
(4, 1, 4, 19, 5, 8, 'ყველაფრით', '2021-10-03 13:56:30', '2021-10-03 13:56:30'),
(5, 1, 5, 31, 0.7, 1, '', '2021-10-03 13:56:36', '2021-10-03 13:56:36');

-- --------------------------------------------------------

--
-- Table structure for table `parent_orders`
--

CREATE TABLE `parent_orders` (
  `id` int(11) NOT NULL,
  `pay_method` int(11) DEFAULT 0,
  `is_nisia` int(11) NOT NULL DEFAULT 0,
  `is_paid` int(11) DEFAULT 0,
  `sub_total` float NOT NULL DEFAULT 0,
  `mevale` varchar(255) DEFAULT NULL,
  `created_at` timestamp NULL DEFAULT NULL,
  `updated_at` timestamp NULL DEFAULT NULL
) ENGINE=InnoDB DEFAULT CHARSET=utf8mb4;

--
-- Dumping data for table `parent_orders`
--

INSERT INTO `parent_orders` (`id`, `pay_method`, `is_nisia`, `is_paid`, `sub_total`, `mevale`, `created_at`, `updated_at`) VALUES
(1, 1, 0, 0, 15, NULL, '2021-09-13 20:29:57', '2021-09-13 20:29:57'),
(2, 1, 0, 0, 25, NULL, '2021-09-13 20:30:17', '2021-09-13 20:30:17'),
(3, 1, 0, 0, 25, NULL, '2021-10-03 13:55:57', '2021-10-03 13:55:57'),
(4, 1, 0, 0, 40, NULL, '2021-10-03 13:56:30', '2021-10-03 13:56:30'),
(5, 1, 0, 0, 0.7, NULL, '2021-10-03 13:56:36', '2021-10-03 13:56:36');

-- --------------------------------------------------------

--
-- Table structure for table `password_resets`
--

CREATE TABLE `password_resets` (
  `email` varchar(255) COLLATE utf8mb4_unicode_ci NOT NULL,
  `token` varchar(255) COLLATE utf8mb4_unicode_ci NOT NULL,
  `created_at` timestamp NULL DEFAULT NULL
) ENGINE=InnoDB DEFAULT CHARSET=utf8mb4 COLLATE=utf8mb4_unicode_ci;

-- --------------------------------------------------------

--
-- Table structure for table `permissions`
--

CREATE TABLE `permissions` (
  `id` bigint(20) UNSIGNED NOT NULL,
  `key` varchar(255) COLLATE utf8mb4_unicode_ci NOT NULL,
  `table_name` varchar(255) COLLATE utf8mb4_unicode_ci DEFAULT NULL,
  `created_at` timestamp NULL DEFAULT NULL,
  `updated_at` timestamp NULL DEFAULT NULL
) ENGINE=InnoDB DEFAULT CHARSET=utf8mb4 COLLATE=utf8mb4_unicode_ci;

--
-- Dumping data for table `permissions`
--

INSERT INTO `permissions` (`id`, `key`, `table_name`, `created_at`, `updated_at`) VALUES
(1, 'browse_admin', NULL, '2021-04-18 14:25:54', '2021-04-18 14:25:54'),
(2, 'browse_bread', NULL, '2021-04-18 14:25:54', '2021-04-18 14:25:54'),
(3, 'browse_database', NULL, '2021-04-18 14:25:54', '2021-04-18 14:25:54'),
(4, 'browse_media', NULL, '2021-04-18 14:25:54', '2021-04-18 14:25:54'),
(5, 'browse_compass', NULL, '2021-04-18 14:25:54', '2021-04-18 14:25:54'),
(6, 'browse_menus', 'menus', '2021-04-18 14:25:54', '2021-04-18 14:25:54'),
(7, 'read_menus', 'menus', '2021-04-18 14:25:54', '2021-04-18 14:25:54'),
(8, 'edit_menus', 'menus', '2021-04-18 14:25:54', '2021-04-18 14:25:54'),
(9, 'add_menus', 'menus', '2021-04-18 14:25:54', '2021-04-18 14:25:54'),
(10, 'delete_menus', 'menus', '2021-04-18 14:25:54', '2021-04-18 14:25:54'),
(11, 'browse_roles', 'roles', '2021-04-18 14:25:54', '2021-04-18 14:25:54'),
(12, 'read_roles', 'roles', '2021-04-18 14:25:54', '2021-04-18 14:25:54'),
(13, 'edit_roles', 'roles', '2021-04-18 14:25:54', '2021-04-18 14:25:54'),
(14, 'add_roles', 'roles', '2021-04-18 14:25:54', '2021-04-18 14:25:54'),
(15, 'delete_roles', 'roles', '2021-04-18 14:25:54', '2021-04-18 14:25:54'),
(16, 'browse_users', 'users', '2021-04-18 14:25:54', '2021-04-18 14:25:54'),
(17, 'read_users', 'users', '2021-04-18 14:25:54', '2021-04-18 14:25:54'),
(18, 'edit_users', 'users', '2021-04-18 14:25:54', '2021-04-18 14:25:54'),
(19, 'add_users', 'users', '2021-04-18 14:25:54', '2021-04-18 14:25:54'),
(20, 'delete_users', 'users', '2021-04-18 14:25:54', '2021-04-18 14:25:54'),
(21, 'browse_settings', 'settings', '2021-04-18 14:25:54', '2021-04-18 14:25:54'),
(22, 'read_settings', 'settings', '2021-04-18 14:25:54', '2021-04-18 14:25:54'),
(23, 'edit_settings', 'settings', '2021-04-18 14:25:54', '2021-04-18 14:25:54'),
(24, 'add_settings', 'settings', '2021-04-18 14:25:54', '2021-04-18 14:25:54'),
(25, 'delete_settings', 'settings', '2021-04-18 14:25:54', '2021-04-18 14:25:54'),
(26, 'browse_hooks', NULL, '2021-04-18 14:25:54', '2021-04-18 14:25:54'),
(27, 'browse_product_categories', 'product_categories', '2021-04-18 14:33:41', '2021-04-18 14:33:41'),
(28, 'read_product_categories', 'product_categories', '2021-04-18 14:33:41', '2021-04-18 14:33:41'),
(29, 'edit_product_categories', 'product_categories', '2021-04-18 14:33:41', '2021-04-18 14:33:41'),
(30, 'add_product_categories', 'product_categories', '2021-04-18 14:33:41', '2021-04-18 14:33:41'),
(31, 'delete_product_categories', 'product_categories', '2021-04-18 14:33:41', '2021-04-18 14:33:41'),
(52, 'browse_sub_products', 'sub_products', '2021-04-18 14:51:43', '2021-04-18 14:51:43'),
(53, 'read_sub_products', 'sub_products', '2021-04-18 14:51:43', '2021-04-18 14:51:43'),
(54, 'edit_sub_products', 'sub_products', '2021-04-18 14:51:43', '2021-04-18 14:51:43'),
(55, 'add_sub_products', 'sub_products', '2021-04-18 14:51:43', '2021-04-18 14:51:43'),
(56, 'delete_sub_products', 'sub_products', '2021-04-18 14:51:43', '2021-04-18 14:51:43'),
(57, 'browse_sawyobis_products', 'sawyobis_products', '2021-04-18 15:03:54', '2021-04-18 15:03:54'),
(58, 'read_sawyobis_products', 'sawyobis_products', '2021-04-18 15:03:54', '2021-04-18 15:03:54'),
(59, 'edit_sawyobis_products', 'sawyobis_products', '2021-04-18 15:03:54', '2021-04-18 15:03:54'),
(60, 'add_sawyobis_products', 'sawyobis_products', '2021-04-18 15:03:54', '2021-04-18 15:03:54'),
(61, 'delete_sawyobis_products', 'sawyobis_products', '2021-04-18 15:03:54', '2021-04-18 15:03:54'),
(67, 'browse_migebuli_products', 'migebuli_products', '2021-04-18 15:09:43', '2021-04-18 15:09:43'),
(68, 'read_migebuli_products', 'migebuli_products', '2021-04-18 15:09:43', '2021-04-18 15:09:43'),
(69, 'edit_migebuli_products', 'migebuli_products', '2021-04-18 15:09:43', '2021-04-18 15:09:43'),
(70, 'add_migebuli_products', 'migebuli_products', '2021-04-18 15:09:43', '2021-04-18 15:09:43'),
(71, 'delete_migebuli_products', 'migebuli_products', '2021-04-18 15:09:43', '2021-04-18 15:09:43'),
(1, 'browse_admin', NULL, '2021-04-18 14:25:54', '2021-04-18 14:25:54'),
(2, 'browse_bread', NULL, '2021-04-18 14:25:54', '2021-04-18 14:25:54'),
(3, 'browse_database', NULL, '2021-04-18 14:25:54', '2021-04-18 14:25:54'),
(4, 'browse_media', NULL, '2021-04-18 14:25:54', '2021-04-18 14:25:54'),
(5, 'browse_compass', NULL, '2021-04-18 14:25:54', '2021-04-18 14:25:54'),
(6, 'browse_menus', 'menus', '2021-04-18 14:25:54', '2021-04-18 14:25:54'),
(7, 'read_menus', 'menus', '2021-04-18 14:25:54', '2021-04-18 14:25:54'),
(8, 'edit_menus', 'menus', '2021-04-18 14:25:54', '2021-04-18 14:25:54'),
(9, 'add_menus', 'menus', '2021-04-18 14:25:54', '2021-04-18 14:25:54'),
(10, 'delete_menus', 'menus', '2021-04-18 14:25:54', '2021-04-18 14:25:54'),
(11, 'browse_roles', 'roles', '2021-04-18 14:25:54', '2021-04-18 14:25:54'),
(12, 'read_roles', 'roles', '2021-04-18 14:25:54', '2021-04-18 14:25:54'),
(13, 'edit_roles', 'roles', '2021-04-18 14:25:54', '2021-04-18 14:25:54'),
(14, 'add_roles', 'roles', '2021-04-18 14:25:54', '2021-04-18 14:25:54'),
(15, 'delete_roles', 'roles', '2021-04-18 14:25:54', '2021-04-18 14:25:54'),
(16, 'browse_users', 'users', '2021-04-18 14:25:54', '2021-04-18 14:25:54'),
(17, 'read_users', 'users', '2021-04-18 14:25:54', '2021-04-18 14:25:54'),
(18, 'edit_users', 'users', '2021-04-18 14:25:54', '2021-04-18 14:25:54'),
(19, 'add_users', 'users', '2021-04-18 14:25:54', '2021-04-18 14:25:54'),
(20, 'delete_users', 'users', '2021-04-18 14:25:54', '2021-04-18 14:25:54'),
(21, 'browse_settings', 'settings', '2021-04-18 14:25:54', '2021-04-18 14:25:54'),
(22, 'read_settings', 'settings', '2021-04-18 14:25:54', '2021-04-18 14:25:54'),
(23, 'edit_settings', 'settings', '2021-04-18 14:25:54', '2021-04-18 14:25:54'),
(24, 'add_settings', 'settings', '2021-04-18 14:25:54', '2021-04-18 14:25:54'),
(25, 'delete_settings', 'settings', '2021-04-18 14:25:54', '2021-04-18 14:25:54'),
(26, 'browse_hooks', NULL, '2021-04-18 14:25:54', '2021-04-18 14:25:54'),
(27, 'browse_product_categories', 'product_categories', '2021-04-18 14:33:41', '2021-04-18 14:33:41'),
(28, 'read_product_categories', 'product_categories', '2021-04-18 14:33:41', '2021-04-18 14:33:41'),
(29, 'edit_product_categories', 'product_categories', '2021-04-18 14:33:41', '2021-04-18 14:33:41'),
(30, 'add_product_categories', 'product_categories', '2021-04-18 14:33:41', '2021-04-18 14:33:41'),
(31, 'delete_product_categories', 'product_categories', '2021-04-18 14:33:41', '2021-04-18 14:33:41'),
(52, 'browse_sub_products', 'sub_products', '2021-04-18 14:51:43', '2021-04-18 14:51:43'),
(53, 'read_sub_products', 'sub_products', '2021-04-18 14:51:43', '2021-04-18 14:51:43'),
(54, 'edit_sub_products', 'sub_products', '2021-04-18 14:51:43', '2021-04-18 14:51:43'),
(55, 'add_sub_products', 'sub_products', '2021-04-18 14:51:43', '2021-04-18 14:51:43'),
(56, 'delete_sub_products', 'sub_products', '2021-04-18 14:51:43', '2021-04-18 14:51:43'),
(57, 'browse_sawyobis_products', 'sawyobis_products', '2021-04-18 15:03:54', '2021-04-18 15:03:54'),
(58, 'read_sawyobis_products', 'sawyobis_products', '2021-04-18 15:03:54', '2021-04-18 15:03:54'),
(59, 'edit_sawyobis_products', 'sawyobis_products', '2021-04-18 15:03:54', '2021-04-18 15:03:54'),
(60, 'add_sawyobis_products', 'sawyobis_products', '2021-04-18 15:03:54', '2021-04-18 15:03:54'),
(61, 'delete_sawyobis_products', 'sawyobis_products', '2021-04-18 15:03:54', '2021-04-18 15:03:54'),
(67, 'browse_migebuli_products', 'migebuli_products', '2021-04-18 15:09:43', '2021-04-18 15:09:43'),
(68, 'read_migebuli_products', 'migebuli_products', '2021-04-18 15:09:43', '2021-04-18 15:09:43'),
(69, 'edit_migebuli_products', 'migebuli_products', '2021-04-18 15:09:43', '2021-04-18 15:09:43'),
(70, 'add_migebuli_products', 'migebuli_products', '2021-04-18 15:09:43', '2021-04-18 15:09:43'),
(71, 'delete_migebuli_products', 'migebuli_products', '2021-04-18 15:09:43', '2021-04-18 15:09:43');

-- --------------------------------------------------------

--
-- Table structure for table `permission_role`
--

CREATE TABLE `permission_role` (
  `permission_id` bigint(20) UNSIGNED NOT NULL,
  `role_id` bigint(20) UNSIGNED NOT NULL
) ENGINE=InnoDB DEFAULT CHARSET=utf8mb4 COLLATE=utf8mb4_unicode_ci;

--
-- Dumping data for table `permission_role`
--

INSERT INTO `permission_role` (`permission_id`, `role_id`) VALUES
(1, 1),
(2, 1),
(3, 1),
(4, 1),
(5, 1),
(6, 1),
(7, 1),
(8, 1),
(9, 1),
(10, 1),
(11, 1),
(12, 1),
(13, 1),
(14, 1),
(15, 1),
(16, 1),
(17, 1),
(18, 1),
(19, 1),
(20, 1),
(21, 1),
(22, 1),
(23, 1),
(24, 1),
(25, 1),
(26, 1),
(27, 1),
(28, 1),
(29, 1),
(30, 1),
(31, 1),
(52, 1),
(53, 1),
(54, 1),
(55, 1),
(56, 1),
(57, 1),
(58, 1),
(59, 1),
(60, 1),
(61, 1),
(67, 1),
(68, 1),
(69, 1),
(70, 1),
(71, 1),
(1, 1),
(2, 1),
(3, 1),
(4, 1),
(5, 1),
(6, 1),
(7, 1),
(8, 1),
(9, 1),
(10, 1),
(11, 1),
(12, 1),
(13, 1),
(14, 1),
(15, 1),
(16, 1),
(17, 1),
(18, 1),
(19, 1),
(20, 1),
(21, 1),
(22, 1),
(23, 1),
(24, 1),
(25, 1),
(26, 1),
(27, 1),
(28, 1),
(29, 1),
(30, 1),
(31, 1),
(52, 1),
(53, 1),
(54, 1),
(55, 1),
(56, 1),
(57, 1),
(58, 1),
(59, 1),
(60, 1),
(61, 1),
(67, 1),
(68, 1),
(69, 1),
(70, 1),
(71, 1);

-- --------------------------------------------------------

--
-- Table structure for table `product_categories`
--

CREATE TABLE `product_categories` (
  `id` int(10) UNSIGNED NOT NULL,
  `category_name` varchar(255) COLLATE utf8mb4_unicode_ci DEFAULT NULL,
  `category_image` varchar(255) COLLATE utf8mb4_unicode_ci DEFAULT NULL,
  `created_at` timestamp NULL DEFAULT NULL,
  `updated_at` timestamp NULL DEFAULT NULL
) ENGINE=InnoDB DEFAULT CHARSET=utf8mb4 COLLATE=utf8mb4_unicode_ci;

--
-- Dumping data for table `product_categories`
--

INSERT INTO `product_categories` (`id`, `category_name`, `category_image`, `created_at`, `updated_at`) VALUES
(1, 'შაურმა', 'https://beirut-pasha.com/wp-content/uploads/2019/05/shawarma-chicken-sandwich-garlic.jpg', '2021-04-18 14:57:01', '2021-04-18 14:57:01'),
(2, 'ცივი სასმელები', NULL, NULL, '2021-07-26 11:53:14'),
(8, 'ალკოჰოლური', 'https://media.cheddars.com/en_us/images/product/beer-bottles.jpg', '2021-04-27 04:41:24', '2021-04-27 04:41:24'),
(9, 'ენერგეტიკული', 'https://www.bevindustry.com/ext/resources/issues/2019/August/VXP-Sports-Bang.jpg?1565201930', '2021-04-27 04:42:07', '2021-04-27 04:42:07'),
(10, 'ცხელი სასმელები', 'https://media.istockphoto.com/vectors/set-of-hot-drinks-coffee-latte-mocha-and-cappuccino-in-cups-isolated-vector-id985105834', '2021-04-27 04:42:47', '2021-04-27 04:42:47'),
(11, 'კევი', NULL, '2021-05-04 07:23:24', '2021-05-31 06:32:40');

-- --------------------------------------------------------

--
-- Table structure for table `roles`
--

CREATE TABLE `roles` (
  `id` bigint(20) UNSIGNED NOT NULL,
  `name` varchar(255) COLLATE utf8mb4_unicode_ci NOT NULL,
  `display_name` varchar(255) COLLATE utf8mb4_unicode_ci NOT NULL,
  `created_at` timestamp NULL DEFAULT NULL,
  `updated_at` timestamp NULL DEFAULT NULL
) ENGINE=InnoDB DEFAULT CHARSET=utf8mb4 COLLATE=utf8mb4_unicode_ci;

--
-- Dumping data for table `roles`
--

INSERT INTO `roles` (`id`, `name`, `display_name`, `created_at`, `updated_at`) VALUES
(1, 'admin', 'Administrator', '2021-04-18 14:25:54', '2021-04-18 14:25:54'),
(2, 'user', 'Normal User', '2021-04-18 14:25:54', '2021-04-18 14:25:54'),
(1, 'admin', 'Administrator', '2021-04-18 14:25:54', '2021-04-18 14:25:54'),
(2, 'user', 'Normal User', '2021-04-18 14:25:54', '2021-04-18 14:25:54');

-- --------------------------------------------------------

--
-- Table structure for table `sawyobis_products`
--

CREATE TABLE `sawyobis_products` (
  `id` int(10) UNSIGNED NOT NULL,
  `is_puri` int(11) DEFAULT 0,
  `product_name` varchar(255) COLLATE utf8mb4_unicode_ci DEFAULT NULL,
  `product_quantity` int(11) DEFAULT 0,
  `created_at` timestamp NULL DEFAULT NULL,
  `updated_at` timestamp NULL DEFAULT NULL
) ENGINE=InnoDB DEFAULT CHARSET=utf8mb4 COLLATE=utf8mb4_unicode_ci;

--
-- Dumping data for table `sawyobis_products`
--

INSERT INTO `sawyobis_products` (`id`, `is_puri`, `product_name`, `product_quantity`, `created_at`, `updated_at`) VALUES
(2, 0, 'ხახვი', 301, '2021-04-21 10:15:12', '2021-08-08 18:08:02'),
(3, 0, 'ხორცი', 63, '2021-04-29 02:00:47', '2021-08-11 18:05:09'),
(4, 1, 'ლავაში პატარა', 150, '2021-05-03 13:12:04', '2021-10-03 14:44:52'),
(5, 1, 'ლავაში საშუალო', 34, '2021-05-03 13:12:22', '2021-08-12 12:15:51'),
(6, 1, 'ლავაში დიდი', 29, '2021-05-03 13:12:34', '2021-08-11 18:01:17'),
(7, 1, 'პური', -14, '2021-05-03 13:12:45', '2021-10-03 13:56:30'),
(8, 0, 'ყველი პრეზიდენტი', 35, '2021-05-03 13:13:03', '2021-08-11 16:40:27'),
(9, 0, 'სარდელი', 16, '2021-05-03 13:13:17', '2021-10-03 13:56:45'),
(10, 0, 'მაიონეზი', 73, '2021-05-03 13:14:18', '2021-08-03 18:37:31'),
(11, 0, 'კეჩუპი', 1084, '2021-05-03 13:14:38', '2021-08-11 11:30:36'),
(12, 0, 'სალათა', 516, '2021-05-03 13:15:00', '2021-08-12 07:43:25'),
(13, 0, 'წიწაკა', 20, '2021-05-03 13:15:28', '2021-08-04 13:30:23'),
(14, 0, 'პომიდორი', 324, '2021-05-03 13:15:48', '2021-08-12 07:42:47'),
(15, 0, 'ზეთი', 23, '2021-05-04 15:56:14', '2021-06-28 10:10:36'),
(16, 1, 'კართოფილი', -233, '2021-05-04 15:56:26', '2021-09-13 20:29:57'),
(17, 0, 'ტვალეტის ქაღალდი', 0, '2021-05-30 09:05:09', '2021-05-30 09:05:09'),
(18, 0, 'ტილოები', 2, '2021-05-30 09:05:20', '2021-06-20 19:12:39'),
(19, 0, 'საპონი', 1, '2021-05-30 09:05:32', '2021-06-20 19:12:23'),
(20, 0, 'ჟელე', 2, '2021-05-30 09:05:41', '2021-08-08 18:10:11'),
(21, 0, 'ჭურჭლის ღრუბელი', 0, '2021-05-30 09:05:57', '2021-05-30 09:05:57'),
(22, 0, 'მეშაურმის ხელსაცოცი', 2028, '2021-05-30 09:06:07', '2021-08-08 18:11:55'),
(23, 0, 'ინვენტარი', 2, '2021-05-30 09:06:24', '2021-06-21 09:23:06'),
(24, 0, 'აბაზანის სითხეები', 28, '2021-05-30 09:07:04', '2021-08-04 13:37:58'),
(25, 1, 'მინი ლავაში', 200, '2021-06-20 11:31:03', '2021-08-12 07:48:14'),
(27, NULL, 'სუნელები', 3, '2021-06-20 19:13:35', '2021-08-12 07:44:35');

-- --------------------------------------------------------

--
-- Table structure for table `settings`
--

CREATE TABLE `settings` (
  `id` int(10) UNSIGNED NOT NULL,
  `key` varchar(255) COLLATE utf8mb4_unicode_ci NOT NULL,
  `display_name` varchar(255) COLLATE utf8mb4_unicode_ci NOT NULL,
  `value` text COLLATE utf8mb4_unicode_ci DEFAULT NULL,
  `details` text COLLATE utf8mb4_unicode_ci DEFAULT NULL,
  `type` varchar(255) COLLATE utf8mb4_unicode_ci NOT NULL,
  `order` int(11) NOT NULL DEFAULT 1,
  `group` varchar(255) COLLATE utf8mb4_unicode_ci DEFAULT NULL
) ENGINE=InnoDB DEFAULT CHARSET=utf8mb4 COLLATE=utf8mb4_unicode_ci;

--
-- Dumping data for table `settings`
--

INSERT INTO `settings` (`id`, `key`, `display_name`, `value`, `details`, `type`, `order`, `group`) VALUES
(1, 'site.title', 'Site Title', 'Site Title', '', 'text', 1, 'Site'),
(2, 'site.description', 'Site Description', 'Site Description', '', 'text', 2, 'Site'),
(3, 'site.logo', 'Site Logo', '', '', 'image', 3, 'Site'),
(4, 'site.google_analytics_tracking_id', 'Google Analytics Tracking ID', '', '', 'text', 4, 'Site'),
(5, 'admin.bg_image', 'Admin Background Image', '', '', 'image', 5, 'Admin'),
(6, 'admin.title', 'Admin Title', 'Voyager', '', 'text', 1, 'Admin'),
(7, 'admin.description', 'Admin Description', 'Welcome to Voyager. The Missing Admin for Laravel', '', 'text', 2, 'Admin'),
(8, 'admin.loader', 'Admin Loader', '', '', 'image', 3, 'Admin'),
(9, 'admin.icon_image', 'Admin Icon Image', '', '', 'image', 4, 'Admin'),
(10, 'admin.google_analytics_client_id', 'Google Analytics Client ID (used for admin dashboard)', '', '', 'text', 1, 'Admin'),
(1, 'site.title', 'Site Title', 'Site Title', '', 'text', 1, 'Site'),
(2, 'site.description', 'Site Description', 'Site Description', '', 'text', 2, 'Site'),
(3, 'site.logo', 'Site Logo', '', '', 'image', 3, 'Site'),
(4, 'site.google_analytics_tracking_id', 'Google Analytics Tracking ID', '', '', 'text', 4, 'Site'),
(5, 'admin.bg_image', 'Admin Background Image', '', '', 'image', 5, 'Admin'),
(6, 'admin.title', 'Admin Title', 'Voyager', '', 'text', 1, 'Admin'),
(7, 'admin.description', 'Admin Description', 'Welcome to Voyager. The Missing Admin for Laravel', '', 'text', 2, 'Admin'),
(8, 'admin.loader', 'Admin Loader', '', '', 'image', 3, 'Admin'),
(9, 'admin.icon_image', 'Admin Icon Image', '', '', 'image', 4, 'Admin'),
(10, 'admin.google_analytics_client_id', 'Google Analytics Client ID (used for admin dashboard)', '', '', 'text', 1, 'Admin');

-- --------------------------------------------------------

--
-- Table structure for table `sub_products`
--

CREATE TABLE `sub_products` (
  `id` int(10) UNSIGNED NOT NULL,
  `is_shaurma` int(11) DEFAULT 0,
  `puris_id` int(11) DEFAULT 0,
  `product_category` int(11) DEFAULT NULL,
  `product_name` varchar(255) COLLATE utf8mb4_unicode_ci DEFAULT NULL,
  `product_price` float DEFAULT NULL,
  `product_image` varchar(255) COLLATE utf8mb4_unicode_ci DEFAULT NULL,
  `product_quantity` float DEFAULT NULL,
  `created_at` timestamp NULL DEFAULT NULL,
  `updated_at` timestamp NULL DEFAULT NULL
) ENGINE=InnoDB DEFAULT CHARSET=utf8mb4 COLLATE=utf8mb4_unicode_ci;

--
-- Dumping data for table `sub_products`
--

INSERT INTO `sub_products` (`id`, `is_shaurma`, `puris_id`, `product_category`, `product_name`, `product_price`, `product_image`, `product_quantity`, `created_at`, `updated_at`) VALUES
(1, 1, 4, 1, 'შაურმა 8 ლარი', 8, NULL, 0, '2021-04-30 05:32:21', '2021-05-13 07:30:54'),
(3, 1, 5, 1, 'შაურმა 10 ლარი', 10, 'http://127.0.0.1:8000/storage/product_images/nySNxN4PpqNoZvQTGCulOuOeT5KSw0hBw7bcVJ0q.png', NULL, '2021-04-20 02:16:10', '2021-05-08 13:58:56'),
(13, 1, 6, 1, 'შაურმა 12 ლარი', 12, NULL, NULL, '2021-05-03 12:10:37', '2021-05-08 14:02:00'),
(14, 1, 5, 1, 'საფირმო', 10, NULL, NULL, '2021-05-03 12:11:35', '2021-05-08 14:02:19'),
(15, 1, 7, 1, 'შაურმა პურში 6 ლარი', 6, NULL, NULL, '2021-05-03 12:11:51', '2021-05-08 14:04:12'),
(16, 1, 7, 1, 'შაურმა პურში 8 ლარი', 8, NULL, NULL, '2021-05-03 12:12:16', '2021-05-08 14:04:30'),
(18, 1, 4, 1, 'მექსიკური ლავაშით', 5, NULL, NULL, '2021-05-03 12:23:59', '2021-05-08 13:59:34'),
(19, 1, 7, 1, 'მექსიკური პურში', 5, NULL, NULL, '2021-05-03 12:24:31', '2021-05-08 14:07:18'),
(20, 1, 7, 1, 'ბულ-დოგი პურში 6', 6, NULL, NULL, '2021-05-03 12:24:46', '2021-05-12 18:40:49'),
(21, 1, 16, 1, 'ფრი', 3, 'http://25.21.246.98:8000/storage/product_images/5EFe7t6Am1Wvt9EU86nUnLLqOEksxXzp8z8Tj7Sc.jpg', NULL, '2021-05-03 12:32:25', '2021-07-26 11:49:23'),
(22, 0, 0, 2, 'კოკა-კოლა მინა', 1.5, NULL, 16, '2021-05-03 12:34:09', '2021-08-11 16:57:03'),
(23, 0, 0, 2, 'კოკა-კოლა 0.5', 1.5, NULL, 68, '2021-05-03 12:35:36', '2021-08-12 08:06:28'),
(27, 0, 0, 2, 'კოკა-კოლა 1.5ლ', 3, NULL, 5, '2021-05-03 12:37:41', '2021-08-11 17:02:55'),
(28, 0, 0, 2, 'ფანტა', 1.5, NULL, 9, '2021-05-03 12:38:48', '2021-08-11 17:00:11'),
(29, 0, 0, 2, 'სპრაიტი', 1.5, NULL, 12, '2021-05-03 12:39:11', '2021-08-11 11:22:17'),
(31, 0, 0, 2, 'წყალი', 0.7, NULL, 25, '2021-05-03 12:39:56', '2021-10-03 13:56:36'),
(32, 0, 0, 2, 'ცივი ჩაი', 2, NULL, 36, '2021-05-03 12:41:52', '2021-08-11 14:51:19'),
(33, 0, 0, 2, 'კაპი', 2, NULL, 50, '2021-05-03 12:42:30', '2021-08-11 17:02:15'),
(34, 0, 0, 9, 'XL', 3.5, NULL, 0, '2021-05-03 12:43:00', '2021-05-14 13:24:39'),
(35, 0, 0, 9, 'BOOM', 1.5, NULL, 21, '2021-05-03 12:43:26', '2021-08-11 17:03:28'),
(36, 0, 0, 9, 'BURN', 1.5, NULL, 14, '2021-05-03 12:44:15', '2021-08-11 11:26:20'),
(37, 0, 0, 2, 'ნატახტარი ლიმ 0.33', 0.8, NULL, 1, '2021-05-03 12:45:00', '2021-07-27 17:59:25'),
(38, 0, 0, 2, 'ნატახტარი ლიმ 0.5', 1, NULL, 0, '2021-05-03 12:45:29', '2021-07-12 08:35:41'),
(39, 0, 0, 2, 'ნატახტარი ლიმ 1ლ', 2.2, NULL, 3, '2021-05-03 12:46:04', '2021-08-08 18:24:26'),
(40, 0, 0, 8, 'ქარვა', 3, NULL, 0, '2021-05-03 12:46:55', '2021-07-08 08:22:49'),
(41, 0, 0, 8, 'EFES 0.5', 3.5, NULL, 0, '2021-05-03 12:47:36', '2021-07-12 19:04:56'),
(42, 0, 0, 8, 'სტაროპრამენი', 3, NULL, 0, '2021-05-03 12:48:17', '2021-07-11 13:20:57'),
(43, 0, 0, 8, 'ლოვენბრაუ', 3.5, NULL, 0, '2021-05-03 12:48:49', '2021-07-09 15:54:15'),
(44, 0, 0, 8, 'ნატახტარი', 2.5, NULL, 0, '2021-05-03 12:49:37', '2021-07-03 09:07:48'),
(45, 0, 0, 10, 'განოდერმა', 3, NULL, 0, '2021-05-03 12:51:43', '2021-07-12 18:24:30'),
(46, 0, 0, 10, 'გვატემალა', 3, NULL, 0, '2021-05-03 12:52:49', '2021-08-03 14:57:53'),
(47, 0, 0, 10, 'BRASILE', 3, NULL, 7, '2021-05-03 12:53:34', '2021-08-09 06:34:33'),
(48, 0, 0, 10, 'INTENSO', 2.5, NULL, 0, '2021-05-03 12:57:40', '2021-07-30 08:40:31'),
(49, 0, 0, 10, 'PREZIOSO', 2.5, NULL, 0, '2021-05-03 12:58:49', '2021-08-05 15:17:55'),
(50, 0, 0, 10, 'DELIZIOSO', 3, NULL, 3, '2021-05-03 12:59:49', '2021-07-10 08:19:22'),
(51, 0, 0, 10, 'ცხელი შოკოლადი', 3, NULL, 0, '2021-05-03 13:01:39', '2021-05-28 13:40:56'),
(52, 0, 0, 10, 'CREMOSO', 2.5, NULL, 0, '2021-05-03 13:02:41', '2021-08-08 06:49:05'),
(53, 0, 0, 10, 'CORPOSO', 2.5, NULL, 2, '2021-05-03 13:03:41', '2021-10-03 14:44:56'),
(55, 0, 0, 11, 'კევი FREEGELLS', 1, NULL, 29, '2021-05-04 07:24:36', '2021-08-09 08:52:59'),
(56, 0, 0, 2, 'ქილა', 1.5, NULL, 55, '2021-05-09 05:39:33', '2021-08-11 18:00:49'),
(57, 1, 4, 1, 'ბულ-დოგი ლავაშით 6', 6, NULL, 0, '2021-05-12 18:38:13', '2021-05-12 19:56:29'),
(58, 0, 0, 9, 'ENERGY -coca', 1.8, NULL, 12, '2021-05-17 10:08:46', '2021-08-11 11:25:01'),
(62, 0, 0, 10, 'ARMONIOSO', 3, NULL, 5, '2021-05-17 18:12:01', '2021-07-08 18:13:58'),
(63, 0, 0, 10, 'MOCACCINO', 3, NULL, 0, '2021-05-17 18:12:26', '2021-06-17 07:57:42'),
(64, 0, 0, 10, 'NICCIOLA', 3, NULL, 4, '2021-05-17 18:12:48', '2021-08-10 06:31:25'),
(65, 0, 0, 2, 'კოკა-ყავა', 1.6, NULL, 0, '2021-05-21 17:28:17', '2021-07-16 12:26:37'),
(66, 0, 0, 0, 'ხელსახოცი', 1.9, NULL, 165, '2021-05-26 14:21:39', '2021-08-11 11:32:16'),
(67, 0, 0, 0, 'ხელთათმანი', NULL, NULL, 16, '2021-06-12 15:47:34', '2021-07-13 12:57:13'),
(70, 1, 25, 1, 'მინი შაურმა 6', 6, NULL, NULL, '2021-06-20 11:36:47', '2021-06-20 11:38:30'),
(71, 0, 0, 11, 'TIC TAC', 1.5, NULL, 5, '2021-08-04 13:39:10', '2021-08-12 07:48:30');

-- --------------------------------------------------------

--
-- Table structure for table `translations`
--

CREATE TABLE `translations` (
  `id` int(10) UNSIGNED NOT NULL,
  `table_name` varchar(255) COLLATE utf8mb4_unicode_ci NOT NULL,
  `column_name` varchar(255) COLLATE utf8mb4_unicode_ci NOT NULL,
  `foreign_key` int(10) UNSIGNED NOT NULL,
  `locale` varchar(255) COLLATE utf8mb4_unicode_ci NOT NULL,
  `value` text COLLATE utf8mb4_unicode_ci NOT NULL,
  `created_at` timestamp NULL DEFAULT NULL,
  `updated_at` timestamp NULL DEFAULT NULL
) ENGINE=InnoDB DEFAULT CHARSET=utf8mb4 COLLATE=utf8mb4_unicode_ci;

-- --------------------------------------------------------

--
-- Table structure for table `users`
--

CREATE TABLE `users` (
  `id` bigint(20) UNSIGNED NOT NULL,
  `is_admin` int(11) DEFAULT 0,
  `role_id` bigint(20) UNSIGNED DEFAULT NULL,
  `name` varchar(255) COLLATE utf8mb4_unicode_ci NOT NULL,
  `email` varchar(255) COLLATE utf8mb4_unicode_ci NOT NULL,
  `avatar` varchar(255) COLLATE utf8mb4_unicode_ci DEFAULT 'users/default.png',
  `email_verified_at` timestamp NULL DEFAULT NULL,
  `password` varchar(255) COLLATE utf8mb4_unicode_ci NOT NULL,
  `remember_token` varchar(100) COLLATE utf8mb4_unicode_ci DEFAULT NULL,
  `settings` text COLLATE utf8mb4_unicode_ci DEFAULT NULL,
  `created_at` timestamp NULL DEFAULT NULL,
  `updated_at` timestamp NULL DEFAULT NULL
) ENGINE=InnoDB DEFAULT CHARSET=utf8mb4 COLLATE=utf8mb4_unicode_ci;

--
-- Dumping data for table `users`
--

INSERT INTO `users` (`id`, `is_admin`, `role_id`, `name`, `email`, `avatar`, `email_verified_at`, `password`, `remember_token`, `settings`, `created_at`, `updated_at`) VALUES
(1, 0, 1, 'davitosadze', 'davitosadze7@gmail.com', 'users/default.png', NULL, '$2y$10$q6l./OEf3qWz1Ol1HtkHW.v4oz7nZhHx2d0iLMRsx/hO.r.Vb/mLK', NULL, NULL, '2021-04-18 14:29:04', '2021-04-18 14:29:04'),
(3, 1, 1, 'ghrelin', 'admin@ghrelin.com', 'users/default.png', NULL, 'ghrelin123', NULL, NULL, NULL, NULL);

-- --------------------------------------------------------

--
-- Table structure for table `user_roles`
--

CREATE TABLE `user_roles` (
  `user_id` bigint(20) UNSIGNED NOT NULL,
  `role_id` bigint(20) UNSIGNED NOT NULL
) ENGINE=InnoDB DEFAULT CHARSET=utf8mb4 COLLATE=utf8mb4_unicode_ci;

-- --------------------------------------------------------

--
-- Table structure for table `xarji`
--

CREATE TABLE `xarji` (
  `id` int(11) NOT NULL,
  `amount` float DEFAULT NULL,
  `created_at` timestamp NULL DEFAULT NULL,
  `updated_at` timestamp NULL DEFAULT NULL
) ENGINE=InnoDB DEFAULT CHARSET=utf8mb4;

--
-- Dumping data for table `xarji`
--

INSERT INTO `xarji` (`id`, `amount`, `created_at`, `updated_at`) VALUES
(1, 95, '2021-05-11 17:45:44', '2021-05-11 17:45:44'),
(2, 292, '2021-05-11 17:47:02', '2021-05-11 17:47:02'),
(3, 10, '2021-05-11 17:47:12', '2021-05-11 17:47:12'),
(4, 95, '2021-05-12 19:04:18', '2021-05-12 19:04:18'),
(5, 249.9, '2021-05-12 19:04:37', '2021-05-12 19:04:37'),
(6, 47.6, '2021-05-12 19:05:00', '2021-05-12 19:05:00'),
(7, 28.5, '2021-05-12 19:07:50', '2021-05-12 19:07:50'),
(8, 95, '2021-05-13 19:00:58', '2021-05-13 19:00:58'),
(9, 10, '2021-05-13 19:01:07', '2021-05-13 19:01:07'),
(10, 275.3, '2021-05-14 18:00:57', '2021-05-14 18:00:57'),
(11, 105, '2021-05-15 19:35:32', '2021-05-15 19:35:32'),
(12, 43.15, '2021-05-15 19:35:56', '2021-05-15 19:35:56'),
(13, 32, '2021-05-15 19:39:57', '2021-05-15 19:39:57'),
(14, 105, '2021-05-16 19:46:01', '2021-05-16 19:46:01'),
(15, 136, '2021-05-17 19:12:25', '2021-05-17 19:12:25'),
(16, 290.1, '2021-05-18 19:15:20', '2021-05-18 19:15:20'),
(17, 165.5, '2021-05-21 19:05:30', '2021-05-21 19:05:30'),
(18, 105, '2021-06-01 17:51:43', '2021-06-01 17:51:43'),
(19, 118.9, '2021-06-02 18:34:38', '2021-06-02 18:34:38'),
(20, 105, '2021-06-03 18:51:11', '2021-06-03 18:51:11'),
(21, 105, '2021-06-04 18:16:56', '2021-06-04 18:16:56'),
(22, 116.9, '2021-06-05 18:25:45', '2021-06-05 18:25:45'),
(23, 105, '2021-06-06 17:17:18', '2021-06-06 17:17:18'),
(24, 105, '2021-06-07 17:17:45', '2021-06-07 17:17:45'),
(25, 115.9, '2021-06-08 18:39:23', '2021-06-08 18:39:23'),
(26, 105, '2021-06-09 18:34:19', '2021-06-09 18:34:19'),
(27, 105, '2021-06-10 18:08:34', '2021-06-10 18:08:34'),
(28, 115.9, '2021-06-11 17:32:16', '2021-06-11 17:32:16'),
(29, 105, '2021-06-12 18:11:25', '2021-06-12 18:11:25'),
(30, 105, '2021-06-13 18:17:32', '2021-06-13 18:17:32'),
(31, 105, '2021-06-14 18:35:24', '2021-06-14 18:35:24'),
(32, 383, '2021-06-17 18:30:29', '2021-06-17 18:30:29'),
(33, 112.85, '2021-06-18 18:33:09', '2021-06-18 18:33:09'),
(34, 105, '2021-06-19 18:34:17', '2021-06-19 18:34:17'),
(35, 105, '2021-06-20 19:10:31', '2021-06-20 19:10:31'),
(36, 105, '2021-07-01 19:20:38', '2021-07-01 19:20:38');

-- --------------------------------------------------------

--
-- Table structure for table `xorcis_ageba`
--

CREATE TABLE `xorcis_ageba` (
  `id` int(11) NOT NULL,
  `product_id` int(11) NOT NULL DEFAULT 3,
  `amount` float DEFAULT NULL,
  `created_at` timestamp NULL DEFAULT NULL,
  `updated_at` timestamp NULL DEFAULT NULL
) ENGINE=InnoDB DEFAULT CHARSET=utf8mb4;

--
-- Dumping data for table `xorcis_ageba`
--

INSERT INTO `xorcis_ageba` (`id`, `product_id`, `amount`, `created_at`, `updated_at`) VALUES
(4, 3, 31.5, '2021-05-09 06:03:42', '2021-05-09 06:03:42'),
(5, 3, 33, '2021-05-11 06:18:58', '2021-05-11 06:18:58'),
(6, 3, 32, '2021-05-12 08:47:35', '2021-05-12 08:47:35'),
(7, 3, 21.3, '2021-05-13 19:02:15', '2021-05-13 19:02:15'),
(8, 3, 19.8, '2021-05-14 17:53:46', '2021-05-14 17:53:46'),
(9, 3, 20, '2021-05-15 19:35:12', '2021-05-15 19:35:12'),
(10, 3, 20, '2021-05-16 19:45:46', '2021-05-16 19:45:46'),
(11, 3, 28.5, '2021-05-17 19:11:38', '2021-05-17 19:11:38'),
(12, 3, 21.5, '2021-05-18 19:07:24', '2021-05-18 19:07:24'),
(13, 3, 28, '2021-05-19 18:18:20', '2021-05-19 18:18:20'),
(14, 3, 20, '2021-05-21 18:07:29', '2021-05-21 18:07:29'),
(15, 3, 21, '2021-05-22 18:07:17', '2021-05-22 18:07:17'),
(16, 3, 29.8, '2021-05-24 17:37:27', '2021-05-24 17:37:27'),
(17, 3, 25.2, '2021-05-25 18:32:00', '2021-05-25 18:32:00'),
(18, 3, 22.7, '2021-05-26 18:23:39', '2021-05-26 18:23:39'),
(19, 3, 28, '2021-05-27 18:01:54', '2021-05-27 18:01:54'),
(20, 3, 20.2, '2021-05-28 17:56:43', '2021-05-28 17:56:43'),
(21, 3, 23.4, '2021-05-29 18:05:24', '2021-05-29 18:05:24'),
(22, 3, 23, '2021-05-30 17:54:08', '2021-05-30 17:54:08'),
(23, 3, 24.1, '2021-05-31 18:00:31', '2021-05-31 18:00:31'),
(24, 3, 28.9, '2021-06-01 18:37:27', '2021-06-01 18:37:27'),
(25, 3, 24.2, '2021-06-02 18:06:22', '2021-06-02 18:06:22'),
(26, 3, 26, '2021-06-03 18:08:41', '2021-06-03 18:08:41'),
(27, 3, 27.3, '2021-06-04 18:02:42', '2021-06-04 18:02:42'),
(28, 3, 24.2, '2021-06-05 18:16:47', '2021-06-05 18:16:47'),
(29, 3, 25, '2021-06-06 17:04:17', '2021-06-06 17:04:17'),
(30, 3, 30, '2021-06-07 17:14:37', '2021-06-07 17:14:37'),
(31, 3, 23.3, '2021-06-08 18:38:26', '2021-06-08 18:38:26'),
(32, 3, 27.6, '2021-06-09 18:23:36', '2021-06-09 18:23:36'),
(33, 3, 17.2, '2021-06-10 17:59:07', '2021-06-10 17:59:07'),
(34, 3, 24.3, '2021-06-11 17:34:58', '2021-06-11 17:34:58'),
(35, 3, 26.3, '2021-06-13 18:25:06', '2021-06-13 18:25:06'),
(36, 3, 21.6, '2021-06-14 18:20:26', '2021-06-14 18:20:26'),
(37, 3, 20.5, '2021-06-15 19:22:17', '2021-06-15 19:22:17'),
(38, 3, 21.8, '2021-06-16 18:10:32', '2021-06-16 18:10:32'),
(39, 3, 23.8, '2021-06-17 18:27:07', '2021-06-17 18:27:07'),
(40, 3, 21.2, '2021-06-18 18:07:37', '2021-06-18 18:07:37'),
(41, 3, 17.8, '2021-06-19 18:02:37', '2021-06-19 18:02:37'),
(42, 3, 21.6, '2021-06-20 18:01:47', '2021-06-20 18:01:47'),
(43, 3, 23.6, '2021-06-21 17:47:29', '2021-06-21 17:47:29'),
(44, 3, 28, '2021-06-22 18:14:24', '2021-06-22 18:14:24'),
(45, 3, 22.2, '2021-06-23 18:18:05', '2021-06-23 18:18:05'),
(46, 3, 25, '2021-06-24 17:41:36', '2021-06-24 17:41:36'),
(47, 3, 2.4, '2021-06-24 18:00:38', '2021-06-24 18:00:38'),
(48, 3, 23.6, '2021-06-25 18:14:11', '2021-06-25 18:14:11'),
(49, 3, 17.2, '2021-06-26 18:03:33', '2021-06-26 18:03:33'),
(50, 3, 18.8, '2021-06-27 18:08:19', '2021-06-27 18:08:19'),
(51, 3, 22.6, '2021-06-28 17:56:23', '2021-06-28 17:56:23'),
(52, 3, 25, '2021-06-29 17:22:50', '2021-06-29 17:22:50'),
(53, 3, 18.5, '2021-06-30 18:11:28', '2021-06-30 18:11:28'),
(54, 3, 16.5, '2021-07-01 19:07:06', '2021-07-01 19:07:06'),
(55, 3, 20.5, '2021-07-03 18:52:14', '2021-07-03 18:52:14'),
(56, 3, 12.9, '2021-07-03 18:57:09', '2021-07-03 18:57:09'),
(57, 3, 20, '2021-07-04 18:57:31', '2021-07-04 18:57:31'),
(58, 3, 30, '2021-07-05 18:38:24', '2021-07-05 18:38:24'),
(59, 3, 28.8, '2021-07-06 06:02:58', '2021-07-06 06:02:58'),
(60, 3, 16.6, '2021-07-07 18:42:09', '2021-07-07 18:42:09'),
(61, 3, 19, '2021-07-08 18:54:10', '2021-07-08 18:54:10'),
(62, 3, 19.5, '2021-07-09 18:37:29', '2021-07-09 18:37:29'),
(63, 3, 19, '2021-07-10 18:19:22', '2021-07-10 18:19:22'),
(64, 3, 20, '2021-07-11 18:18:18', '2021-07-11 18:18:18'),
(65, 3, 25.5, '2021-07-12 18:52:55', '2021-07-12 18:52:55'),
(66, 3, 23.5, '2021-07-13 18:34:33', '2021-07-13 18:34:33'),
(67, 3, 27, '2021-07-14 18:57:08', '2021-07-14 18:57:08'),
(68, 3, 23, '2021-07-15 17:08:10', '2021-07-15 17:08:10'),
(69, 3, 20.4, '2021-07-16 18:06:20', '2021-07-16 18:06:20'),
(70, 3, 18.4, '2021-07-17 19:33:41', '2021-07-17 19:33:41'),
(71, 3, 18.5, '2021-07-18 19:04:17', '2021-07-18 19:04:17'),
(72, 3, 22, '2021-07-19 18:06:59', '2021-07-19 18:06:59'),
(73, 3, 21.6, '2021-07-20 18:50:34', '2021-07-20 18:50:34'),
(74, 3, 29.6, '2021-07-21 18:20:35', '2021-07-21 18:20:35'),
(75, 3, 28, '2021-07-22 16:19:39', '2021-07-22 16:19:39'),
(76, 3, 25, '2021-07-23 17:36:40', '2021-07-23 17:36:40'),
(77, 3, 23, '2021-07-24 18:20:10', '2021-07-24 18:20:10'),
(78, 3, 19.7, '2021-07-25 18:13:49', '2021-07-25 18:13:49'),
(79, 3, 26.5, '2021-07-27 18:33:41', '2021-07-27 18:33:41'),
(80, 3, 21.5, '2021-07-27 18:34:25', '2021-07-27 18:34:25'),
(81, 3, 23.5, '2021-07-28 18:18:52', '2021-07-28 18:18:52'),
(82, 3, 27.5, '2021-07-29 18:09:39', '2021-07-29 18:09:39'),
(83, 3, 1.5, '2021-07-29 18:12:10', '2021-07-29 18:12:10'),
(84, 3, 22.8, '2021-07-30 18:53:38', '2021-07-30 18:53:38'),
(85, 3, 21, '2021-07-31 18:47:46', '2021-07-31 18:47:46'),
(86, 3, 25, '2021-08-01 19:16:10', '2021-08-01 19:16:10'),
(87, 3, 25, '2021-08-02 19:06:15', '2021-08-02 19:06:15'),
(88, 3, 23, '2021-08-03 18:58:30', '2021-08-03 18:58:30'),
(89, 3, 21, '2021-08-04 17:19:38', '2021-08-04 17:19:38'),
(90, 3, 21, '2021-08-05 17:47:57', '2021-08-05 17:47:57'),
(91, 3, 22.8, '2021-08-06 18:38:32', '2021-08-06 18:38:32'),
(92, 3, 20, '2021-08-07 16:40:35', '2021-08-07 16:40:35'),
(93, 3, 20, '2021-08-08 18:17:04', '2021-08-08 18:17:04'),
(94, 3, 25, '2021-08-09 17:48:04', '2021-08-09 17:48:04'),
(95, 3, 24.5, '2021-08-10 17:21:13', '2021-08-10 17:21:13'),
(96, 3, 26, '2021-08-11 18:04:34', '2021-08-11 18:04:34');

-- --------------------------------------------------------

--
-- Table structure for table `xorcis_xarji`
--

CREATE TABLE `xorcis_xarji` (
  `id` int(11) NOT NULL,
  `amount` float DEFAULT NULL,
  `created_at` timestamp NULL DEFAULT NULL,
  `updated_at` timestamp NULL DEFAULT NULL
) ENGINE=InnoDB DEFAULT CHARSET=utf8mb4;

--
-- Dumping data for table `xorcis_xarji`
--

INSERT INTO `xorcis_xarji` (`id`, `amount`, `created_at`, `updated_at`) VALUES
(1, 7, '2021-05-12 19:02:34', '2021-05-12 19:02:34'),
(2, 3.5, '2021-05-24 17:58:32', '2021-05-24 17:58:32'),
(3, 2.5, '2021-05-25 17:40:09', '2021-05-25 17:40:09'),
(4, 2.5, '2021-05-27 18:01:01', '2021-05-27 18:01:01'),
(5, 6.4, '2021-05-28 18:39:17', '2021-05-28 18:39:17'),
(6, 5, '2021-05-30 09:02:23', '2021-05-30 09:02:23'),
(7, 4.34, '2021-05-31 18:03:55', '2021-05-31 18:03:55'),
(8, 3, '2021-06-01 18:39:09', '2021-06-01 18:39:09'),
(9, 5.5, '2021-06-02 18:05:46', '2021-06-02 18:05:46'),
(10, 8, '2021-06-04 18:00:05', '2021-06-04 18:00:05'),
(11, 5, '2021-06-05 08:16:55', '2021-06-05 08:16:55'),
(12, 4, '2021-06-06 17:19:09', '2021-06-06 17:19:09'),
(13, 3.59, '2021-06-08 09:01:49', '2021-06-08 09:01:49'),
(14, 5.6, '2021-06-09 18:23:03', '2021-06-09 18:23:03'),
(15, 5.9, '2021-06-11 17:34:11', '2021-06-11 17:34:11'),
(16, 4.3, '2021-06-12 17:59:43', '2021-06-12 17:59:43'),
(17, 21.6, '2021-06-12 18:00:11', '2021-06-12 18:00:11'),
(18, 3.3, '2021-06-13 18:17:02', '2021-06-13 18:17:02'),
(19, 1.2, '2021-06-14 18:22:32', '2021-06-14 18:22:32'),
(20, 7, '2021-06-16 18:11:51', '2021-06-16 18:11:51'),
(21, 3, '2021-06-18 18:30:27', '2021-06-18 18:30:27'),
(22, 3.5, '2021-06-19 12:30:29', '2021-06-19 12:30:29'),
(23, 6, '2021-06-22 18:42:45', '2021-06-22 18:42:45'),
(24, 7, '2021-06-24 13:02:53', '2021-06-24 13:02:53'),
(25, 2.75, '2021-06-25 18:35:51', '2021-06-25 18:35:51'),
(26, 3, '2021-06-26 10:20:11', '2021-06-26 10:20:11'),
(27, 0.5, '2021-06-26 18:26:36', '2021-06-26 18:26:36'),
(28, 3, '2021-06-27 18:09:09', '2021-06-27 18:09:09'),
(29, 6, '2021-06-29 17:26:25', '2021-06-29 17:26:25'),
(30, 5, '2021-06-30 18:38:55', '2021-06-30 18:38:55'),
(31, 4, '2021-07-01 19:20:23', '2021-07-01 19:20:23'),
(32, 4, '2021-07-03 08:49:07', '2021-07-03 08:49:07'),
(33, 4, '2021-07-05 18:48:29', '2021-07-05 18:48:29'),
(34, 5, '2021-07-07 19:01:43', '2021-07-07 19:01:43'),
(35, 5, '2021-07-08 19:26:11', '2021-07-08 19:26:11'),
(36, 5, '2021-07-09 18:59:31', '2021-07-09 18:59:31'),
(37, 5.7, '2021-07-12 18:52:26', '2021-07-12 18:52:26'),
(38, 6, '2021-07-13 19:01:50', '2021-07-13 19:01:50'),
(39, 4, '2021-07-15 17:59:05', '2021-07-15 17:59:05'),
(40, 10, '2021-07-17 19:42:50', '2021-07-17 19:42:50'),
(41, 2, '2021-07-19 07:36:03', '2021-07-19 07:36:03'),
(42, 3, '2021-07-20 18:51:08', '2021-07-20 18:51:08'),
(43, 2, '2021-07-21 18:38:19', '2021-07-21 18:38:19'),
(44, 5, '2021-07-22 06:16:34', '2021-07-22 06:16:34'),
(45, 3, '2021-07-23 11:28:40', '2021-07-23 11:28:40'),
(46, 4, '2021-07-25 10:30:38', '2021-07-25 10:30:38'),
(47, 10, '2021-07-25 10:36:33', '2021-07-25 10:36:33'),
(48, 6, '2021-07-27 07:04:55', '2021-07-27 07:04:55'),
(49, 4.6, '2021-07-29 17:59:47', '2021-07-29 17:59:47'),
(50, 8, '2021-07-30 18:55:57', '2021-07-30 18:55:57'),
(51, 7, '2021-07-31 18:47:04', '2021-07-31 18:47:04'),
(52, 5, '2021-08-03 18:41:43', '2021-08-03 18:41:43'),
(53, 4.7, '2021-08-05 17:47:35', '2021-08-05 17:47:35'),
(54, 4.6, '2021-08-08 18:47:06', '2021-08-08 18:47:06'),
(55, 3.9, '2021-08-11 18:05:09', '2021-08-11 18:05:09');

--
-- Indexes for dumped tables
--

--
-- Indexes for table `data_rows`
--
ALTER TABLE `data_rows`
  ADD PRIMARY KEY (`id`),
  ADD KEY `data_rows_data_type_id_foreign` (`data_type_id`);

--
-- Indexes for table `menu_items`
--
ALTER TABLE `menu_items`
  ADD PRIMARY KEY (`id`);

--
-- Indexes for table `migeba`
--
ALTER TABLE `migeba`
  ADD PRIMARY KEY (`id`);

--
-- Indexes for table `migebuli_products`
--
ALTER TABLE `migebuli_products`
  ADD PRIMARY KEY (`id`);

--
-- Indexes for table `orders`
--
ALTER TABLE `orders`
  ADD PRIMARY KEY (`id`);

--
-- Indexes for table `parent_orders`
--
ALTER TABLE `parent_orders`
  ADD PRIMARY KEY (`id`);

--
-- Indexes for table `product_categories`
--
ALTER TABLE `product_categories`
  ADD PRIMARY KEY (`id`);

--
-- Indexes for table `sawyobis_products`
--
ALTER TABLE `sawyobis_products`
  ADD PRIMARY KEY (`id`);

--
-- Indexes for table `sub_products`
--
ALTER TABLE `sub_products`
  ADD PRIMARY KEY (`id`);

--
-- Indexes for table `users`
--
ALTER TABLE `users`
  ADD PRIMARY KEY (`id`);

--
-- Indexes for table `xarji`
--
ALTER TABLE `xarji`
  ADD PRIMARY KEY (`id`);

--
-- Indexes for table `xorcis_ageba`
--
ALTER TABLE `xorcis_ageba`
  ADD PRIMARY KEY (`id`);

--
-- Indexes for table `xorcis_xarji`
--
ALTER TABLE `xorcis_xarji`
  ADD PRIMARY KEY (`id`),
  ADD UNIQUE KEY `id` (`id`);

--
-- AUTO_INCREMENT for dumped tables
--

--
-- AUTO_INCREMENT for table `migeba`
--
ALTER TABLE `migeba`
  MODIFY `id` int(11) NOT NULL AUTO_INCREMENT, AUTO_INCREMENT=649;

--
-- AUTO_INCREMENT for table `migebuli_products`
--
ALTER TABLE `migebuli_products`
  MODIFY `id` int(10) UNSIGNED NOT NULL AUTO_INCREMENT;

--
-- AUTO_INCREMENT for table `orders`
--
ALTER TABLE `orders`
  MODIFY `id` int(11) NOT NULL AUTO_INCREMENT, AUTO_INCREMENT=8;

--
-- AUTO_INCREMENT for table `parent_orders`
--
ALTER TABLE `parent_orders`
  MODIFY `id` int(11) NOT NULL AUTO_INCREMENT, AUTO_INCREMENT=8;

--
-- AUTO_INCREMENT for table `product_categories`
--
ALTER TABLE `product_categories`
  MODIFY `id` int(10) UNSIGNED NOT NULL AUTO_INCREMENT, AUTO_INCREMENT=12;

--
-- AUTO_INCREMENT for table `sawyobis_products`
--
ALTER TABLE `sawyobis_products`
  MODIFY `id` int(10) UNSIGNED NOT NULL AUTO_INCREMENT, AUTO_INCREMENT=28;

--
-- AUTO_INCREMENT for table `sub_products`
--
ALTER TABLE `sub_products`
  MODIFY `id` int(10) UNSIGNED NOT NULL AUTO_INCREMENT, AUTO_INCREMENT=72;

--
-- AUTO_INCREMENT for table `users`
--
ALTER TABLE `users`
  MODIFY `id` bigint(20) UNSIGNED NOT NULL AUTO_INCREMENT, AUTO_INCREMENT=4;

--
-- AUTO_INCREMENT for table `xarji`
--
ALTER TABLE `xarji`
  MODIFY `id` int(11) NOT NULL AUTO_INCREMENT, AUTO_INCREMENT=37;

--
-- AUTO_INCREMENT for table `xorcis_ageba`
--
ALTER TABLE `xorcis_ageba`
  MODIFY `id` int(11) NOT NULL AUTO_INCREMENT, AUTO_INCREMENT=97;

--
-- AUTO_INCREMENT for table `xorcis_xarji`
--
ALTER TABLE `xorcis_xarji`
  MODIFY `id` int(11) NOT NULL AUTO_INCREMENT, AUTO_INCREMENT=56;
COMMIT;

/*!40101 SET CHARACTER_SET_CLIENT=@OLD_CHARACTER_SET_CLIENT */;
/*!40101 SET CHARACTER_SET_RESULTS=@OLD_CHARACTER_SET_RESULTS */;
/*!40101 SET COLLATION_CONNECTION=@OLD_COLLATION_CONNECTION */;
